First Name,Last Name,Link,Nick Name,Wins,Losses,Draws,Height,Weight,Reach,STANCE,DOB,SLpM,Str. Acc.,SApM,Str. Def,TD Avg.,TD Acc.,TD Def.,Sub. Avg.
Yusup,Saadulaev,http://ufcstats.com/fighter-details/b1669a810fae4220,Maestro,16,4,1 (1 NC),"5' 6""",135 lbs.,--,,"Mar 31, 1985",0.57,45%,0.96,66%,5.73,60%,0%,1.0
Cameron,Saaiman,http://ufcstats.com/fighter-details/3c8a5200436e19f3,MSP,9,3,0,"5' 8""",135 lbs.,"67""",Southpaw,"Dec 20, 2000",5.30,46%,4.14,51%,0.89,28%,47%,0.7
Pete,Sabala,http://ufcstats.com/fighter-details/7956f026e2672c47,,3,15,0,--,135 lbs.,--,,--,0.00,0%,0.00,0%,0.00,0%,0%,0.0
Danny,Sabatello,http://ufcstats.com/fighter-details/cb7ee07982de2a28,Italian Gangster,9,1,0,"5' 10""",135 lbs.,"71""",Orthodox,"Mar 31, 1993",2.07,57%,0.20,25%,3.00,75%,100%,1.0
Pat,Sabatini,http://ufcstats.com/fighter-details/b8bbdeff718dbb7d,,20,5,0,"5' 8""",145 lbs.,"70""",Orthodox,"Nov 09, 1990",1.87,62%,1.22,49%,3.98,48%,50%,1.8
Amir,Sadollah,http://ufcstats.com/fighter-details/2650e2f846a30f64,,6,5,0,"5' 10""",170 lbs.,"75""",Orthodox,"Aug 27, 1980",4.71,46%,3.55,60%,0.57,27%,60%,0.3
Nazim,Sadykhov,http://ufcstats.com/fighter-details/ff62013d2fce6d13,Black Wolf,10,1,1,"5' 10""",155 lbs.,"69""",Southpaw,"May 16, 1994",4.70,46%,5.66,47%,1.54,62%,75%,0.3
Frankie,Saenz,http://ufcstats.com/fighter-details/9ba2226646046b63,,13,7,0,"5' 6""",135 lbs.,"66""",Orthodox,"Aug 12, 1980",3.94,47%,3.50,52%,1.74,31%,61%,0.1
Saparbeg,Safarov,http://ufcstats.com/fighter-details/88d7b6d8230e1f3f,,9,3,0,"6' 1""",185 lbs.,"78""",Orthodox,"Oct 14, 1986",4.03,48%,2.96,47%,2.52,41%,33%,0.0
Tarec,Saffiedine,http://ufcstats.com/fighter-details/0749d968e932df53,Sponge,16,7,0,"5' 10""",170 lbs.,"70""",Switch,"Sep 06, 1986",4.05,47%,3.06,62%,0.52,36%,84%,0.1
Jason,Saggo,http://ufcstats.com/fighter-details/4ac1ecf8ce59ef23,,12,4,0,"5' 11""",155 lbs.,"71""",Orthodox,"Nov 23, 1985",2.50,39%,2.94,52%,2.33,40%,23%,0.0
Kiru,Sahota,http://ufcstats.com/fighter-details/296a120cb880477b,,12,3,0,"5' 10""",125 lbs.,"73""",Orthodox,"May 28, 1995",4.05,52%,2.64,41%,0.92,33%,50%,0.5
Tatsuya,Saika,http://ufcstats.com/fighter-details/cc4e571964b084d4,Yanbo,11,5,0,"6' 0""",155 lbs.,"73""",Orthodox,"Sep 18, 1990",6.67,44%,9.91,43%,0.00,0%,66%,0.0
Mridul,Saikia,http://ufcstats.com/fighter-details/96c76dd695eb3b88,Crusher,8,1,0,"5' 7""",125 lbs.,"68""",Orthodox,"May 09, 1997",0.00,0%,0.00,0%,0.00,0%,0%,0.0
Kaushik,Saikumar,http://ufcstats.com/fighter-details/6a6c4709ebc5499a,The Pride of Chennai,5,0,0,--,135 lbs.,--,,"Dec 11, 1997",0.00,0%,0.00,0%,0.00,0%,0%,0.0
Benoit,Saint Denis,http://ufcstats.com/fighter-details/c2299ec916bc7c56,God of War,14,3,0 (1 NC),"5' 11""",155 lbs.,"73""",Southpaw,"Dec 18, 1995",5.39,55%,4.61,41%,4.19,39%,70%,1.5
Ovince,Saint Preux,http://ufcstats.com/fighter-details/50db8711c70196cd,,27,18,0,"6' 3""",205 lbs.,"80""",Southpaw,"Apr 08, 1983",3.03,47%,3.33,47%,1.09,36%,67%,0.5
Lukasz,Sajewski,http://ufcstats.com/fighter-details/fb41432b622992a9,Wookie,13,3,0,"5' 8""",155 lbs.,"71""",Orthodox,"Nov 27, 1990",2.06,35%,3.88,57%,1.01,25%,66%,0.0
Yukio,Sakaguchi,http://ufcstats.com/fighter-details/94a5aaf573f780ad,,6,7,0,"5' 9""",185 lbs.,--,Orthodox,"Jul 26, 1973",0.30,25%,2.40,50%,4.50,100%,0%,9.0
Augusto,Sakai,http://ufcstats.com/fighter-details/441eacbe20e0e80b,,16,5,1,"6' 3""",265 lbs.,"77""",Orthodox,"May 09, 1991",4.60,49%,3.83,48%,0.23,40%,56%,0.0
Alessio,Sakara,http://ufcstats.com/fighter-details/7f955f71fa2ce7ac,Legionarius,19,11,0 (2 NC),"6' 0""",185 lbs.,"72""",Orthodox,"Sep 02, 1981",3.96,47%,2.80,59%,2.18,78%,62%,0.0
Wataru,Sakata,http://ufcstats.com/fighter-details/d7907a9a968e4d29,,11,14,0,"5' 9""",195 lbs.,--,Southpaw,"Mar 11, 1973",1.11,61%,2.08,31%,0.00,0%,0%,0.0
Gokhan,Saki,http://ufcstats.com/fighter-details/4690d47bf725fd98,The Rebel,1,2,0,"6' 0""",205 lbs.,"73""",Orthodox,"Oct 19, 1983",7.09,58%,4.57,53%,0.00,0%,100%,0.0
Kazushi,Sakuraba,http://ufcstats.com/fighter-details/9b5b5a75523728f3,The Gracie Hunter,26,17,1 (2 NC),"6' 0""",185 lbs.,--,Southpaw,"Jul 14, 1969",1.26,41%,2.03,51%,1.26,31%,48%,1.7
Hayato,Sakurai,http://ufcstats.com/fighter-details/85e26e2468b4e82f,Mach,38,13,2,"5' 7""",168 lbs.,--,Orthodox,"Aug 24, 1975",2.45,49%,1.94,59%,1.87,69%,56%,0.3
Ryuta,Sakurai,http://ufcstats.com/fighter-details/ff9578cdbfabd323,,24,24,6,"5' 7""",183 lbs.,--,Orthodox,--,1.80,48%,3.44,58%,0.52,100%,36%,1.6
Justin,Salas,http://ufcstats.com/fighter-details/9b198c73e3d0d289,J-Bomb,12,7,0,"5' 8""",155 lbs.,"70""",Southpaw,"Mar 13, 1982",3.42,43%,2.96,68%,2.43,20%,0%,0.0
Ivan,Salaverry,http://ufcstats.com/fighter-details/394f55ebca199124,,14,9,0,"6' 0""",185 lbs.,--,Orthodox,"Jan 11, 1971",3.01,47%,1.19,76%,0.49,18%,36%,2.5
Roman,Salazar,http://ufcstats.com/fighter-details/72c4b253d2f5ebf2,El Gallito,10,6,0 (1 NC),"5' 7""",135 lbs.,--,Orthodox,"Feb 21, 1988",1.95,39%,2.89,57%,1.77,18%,50%,0.0
Luis,Saldana,http://ufcstats.com/fighter-details/12e0fdc606f7e274,,16,7,1,"5' 11""",145 lbs.,"73""",Orthodox,"Jan 27, 1991",5.16,50%,3.65,60%,0.64,17%,44%,0.2
John,Salgado,http://ufcstats.com/fighter-details/3e36811b7bc1f6ad,Greco,4,8,1,"5' 10""",170 lbs.,--,,--,0.99,50%,1.86,40%,0.00,0%,50%,0.0
Muslim,Salikhov,http://ufcstats.com/fighter-details/447f9858ae78f921,King of Kung Fu,21,5,0,"5' 11""",170 lbs.,"70""",Orthodox,"Jun 09, 1984",3.38,49%,2.90,62%,1.08,32%,72%,0.0
Gabriel,Salinas-Jones,http://ufcstats.com/fighter-details/74d5f71eeb0c66c7,,5,2,1,"6' 1""",245 lbs.,--,,"Nov 20, 1984",0.00,0%,0.00,0%,0.00,0%,0%,0.0
Brandon,Saling,http://ufcstats.com/fighter-details/a049aa06508b9c7b,White Steel,8,6,0,"5' 10""",170 lbs.,--,,"Jan 28, 1986",2.88,40%,6.08,20%,0.00,0%,57%,0.0
Quillan,Salkilld,http://ufcstats.com/fighter-details/17734443a833cdf7,,8,1,0,"6' 0""",155 lbs.,"75""",Orthodox,"Dec 28, 1999",5.68,56%,4.18,43%,8.81,40%,100%,1.0
Sean,Salmon,http://ufcstats.com/fighter-details/7c0847d3854a95f2,,18,21,0,"5' 10""",185 lbs.,--,Southpaw,"Sep 11, 1977",1.49,33%,2.03,65%,4.06,50%,0%,0.0
Boston,Salmon,http://ufcstats.com/fighter-details/98e946879ba20c0f,Boom Boom,6,3,0,"5' 9""",135 lbs.,"69""",Southpaw,"Nov 20, 1990",4.13,37%,7.75,59%,0.00,0%,100%,0.0
John,Salter,http://ufcstats.com/fighter-details/010986ee359fb863,,14,3,0,"6' 1""",185 lbs.,"74""",Southpaw,"Mar 21, 1985",1.68,32%,1.68,68%,2.85,46%,66%,0.5
Vinicius,Salvador,http://ufcstats.com/fighter-details/65cdf4ec31143d86,,14,7,0,"5' 7""",135 lbs.,"70""",Southpaw,"Jul 24, 1996",5.48,43%,6.50,48%,0.36,11%,86%,0.0
Dylan,Salvador,http://ufcstats.com/fighter-details/a7a3fb5f6c67b122,,5,2,0,"5' 9""",155 lbs.,"69""",Southpaw,"May 20, 1993",4.34,37%,11.57,46%,0.00,0%,0%,0.0
Josh,Samman,http://ufcstats.com/fighter-details/9deff9e3e8d94d47,Anqa,13,4,0,"6' 3""",185 lbs.,"79""",Orthodox,"Mar 14, 1988",2.08,52%,2.47,34%,1.09,33%,33%,0.4
Johnny,Sampaio,http://ufcstats.com/fighter-details/b23388ff8ac6637b,,3,1,0,"5' 8""",170 lbs.,--,Orthodox,"Sep 11, 1975",1.32,40%,2.64,50%,9.89,50%,0%,9.9
Josh,Sampo,http://ufcstats.com/fighter-details/f65dcb22dada2223,The Gremlin,11,5,0,"5' 4""",125 lbs.,"64""",Orthodox,"Jul 24, 1984",1.99,36%,2.96,55%,1.06,33%,40%,2.1
Josh,San Diego,http://ufcstats.com/fighter-details/983e281d257c24dc,JSD,8,3,0,"5' 10""",135 lbs.,--,,--,0.00,0%,0.00,0%,0.00,0%,0%,0.0
Diego,Sanchez,http://ufcstats.com/fighter-details/82e7929bf6c2b689,Nightmare,31,13,0,"5' 10""",170 lbs.,"72""",Southpaw,"Dec 31, 1981",2.69,37%,3.02,56%,1.51,24%,46%,0.8
Eddie,Sanchez,http://ufcstats.com/fighter-details/7f0b4a75ef3039a3,The Manic Hispanic,15,8,0,"6' 2""",230 lbs.,"74""",Orthodox,"Nov 04, 1982",3.45,43%,3.30,43%,1.13,26%,42%,0.0
Julian,Sanchez,http://ufcstats.com/fighter-details/c6da1c24fe473418,,0,1,0,"6' 3""",300 lbs.,--,Orthodox,--,0.00,0%,0.00,0%,0.00,0%,0%,0.0
Bobby,Sanchez,http://ufcstats.com/fighter-details/6a0047ac8c99fece,The Kid,10,35,0,"5' 7""",155 lbs.,--,Orthodox,--,0.00,0%,0.00,100%,0.00,0%,100%,0.0
Donald,Sanchez,http://ufcstats.com/fighter-details/bb140b121283acbb,,31,17,0,"5' 10""",145 lbs.,--,,"Aug 18, 1984",0.58,50%,1.16,55%,0.00,0%,50%,0.0
Joby,Sanchez,http://ufcstats.com/fighter-details/b12fc8a41e82d3a2,,11,4,0,"5' 6""",135 lbs.,"68""",Orthodox,"Jun 24, 1991",3.22,36%,2.82,63%,0.95,71%,51%,0.4
Emmanuel,Sanchez,http://ufcstats.com/fighter-details/243a336eaa2d2eb4,El Matador,15,3,0,"5' 9""",145 lbs.,"71""",,"Aug 11, 1990",4.45,35%,4.17,55%,0.25,6%,16%,0.5
Erick,Sanchez,http://ufcstats.com/fighter-details/ef3663798164adf0,,8,3,0,"5' 10""",145 lbs.,--,,"Oct 04, 1990",0.00,0%,0.00,0%,0.00,0%,0%,0.0
Andrew,Sanchez,http://ufcstats.com/fighter-details/fccf811c1e8b01c7,El Dirte,13,7,0,"6' 1""",185 lbs.,"74""",Orthodox,"Apr 08, 1988",4.30,43%,5.10,50%,2.55,36%,100%,0.0
Robert,Sanchez,http://ufcstats.com/fighter-details/546f8599a63c29da,Littlefury,8,2,0,"5' 6""",125 lbs.,"66""",Orthodox,"Mar 05, 1986",0.96,40%,1.78,46%,3.61,62%,50%,0.7
Jesse,Sanders,http://ufcstats.com/fighter-details/59aaf2730b84698a,,23,7,0,"6' 0""",170 lbs.,--,Orthodox,--,0.00,0%,6.45,35%,0.00,0%,50%,0.0
Luke,Sanders,http://ufcstats.com/fighter-details/96428b9e9bd048ea,Cool Hand,13,5,0,"5' 6""",135 lbs.,"67""",Southpaw,"Dec 12, 1985",6.61,52%,4.37,50%,0.71,30%,72%,0.2
Jerrod,Sanders,http://ufcstats.com/fighter-details/12f1b140e248bdb9,J-Reazie,16,3,0 (1 NC),"5' 8""",135 lbs.,"72""",Orthodox,"Oct 01, 1979",0.88,64%,1.14,46%,2.20,33%,50%,1.6
Cory,Sandhagen,http://ufcstats.com/fighter-details/65f09bacd3957381,,18,5,0,"5' 11""",135 lbs.,"70""",Switch,"Apr 20, 1992",5.06,45%,3.34,56%,1.28,34%,63%,0.3
Hugo,Sandoval,http://ufcstats.com/fighter-details/9d51bcc281aa0514,,2,3,0,--,135 lbs.,--,,--,0.00,0%,0.00,0%,0.00,0%,0%,0.0
Raul,Sandoval,http://ufcstats.com/fighter-details/f9ad10f6a49e5452,,3,3,0,--,130 lbs.,--,,--,0.00,0%,0.00,0%,0.00,0%,0%,0.0
Joseph,Sandoval,http://ufcstats.com/fighter-details/696002b59f09d73b,,7,7,0,"5' 7""",135 lbs.,--,Southpaw,"May 11, 1986",1.82,42%,12.12,60%,0.00,0%,0%,0.0
Hector,Sandoval,http://ufcstats.com/fighter-details/449c890bd90f3374,Kid Alex,14,4,0,"5' 2""",125 lbs.,"64""",Orthodox,"Jul 19, 1986",3.31,52%,2.33,65%,3.49,25%,71%,1.4
Chris,Sanford,http://ufcstats.com/fighter-details/29f935654825331b,,5,1,0,"5' 11""",185 lbs.,--,Orthodox,"Mar 12, 1968",0.23,50%,3.22,17%,0.00,0%,0%,3.5
Roldan,Sangcha'an,http://ufcstats.com/fighter-details/57887765f831e228,The Executioner,4,2,0,"5' 4""",125 lbs.,--,Orthodox,"Dec 04, 1990",2.71,46%,2.15,51%,1.94,60%,68%,0.0
Yuhi,Sano,http://ufcstats.com/fighter-details/4c12aa7ca246e7a4,,0,4,0,"5' 11""",243 lbs.,--,Orthodox,"Feb 02, 1965",0.00,0%,0.00,0%,0.00,0%,0%,0.0
Martin,Sano,http://ufcstats.com/fighter-details/16a64f93f6678b7b,Spartan,4,3,1,"5' 11""",170 lbs.,"75""",Orthodox,"May 30, 1991",4.00,33%,12.00,40%,0.00,0%,0%,0.0
Jonathan,Santa Maria,http://ufcstats.com/fighter-details/3143e5daff9e5b71,,3,4,0,"5' 9""",125 lbs.,--,,--,3.60,51%,2.53,74%,0.00,0%,80%,0.0
Duda,Santana,http://ufcstats.com/fighter-details/d6ead04919a894b1,Cowboyzinha,3,1,0,"5' 7""",145 lbs.,"73""",Orthodox,"Jan 10, 1996",6.01,39%,2.72,73%,6.44,60%,0%,0.0
Shaheen,Santana,http://ufcstats.com/fighter-details/19809d475ed832d5,Shazam,6,1,0,"6' 1""",155 lbs.,"75""",Orthodox,"Jun 04, 1991",0.82,42%,1.65,40%,0.00,0%,0%,2.8
Neemias,Santana,http://ufcstats.com/fighter-details/86989ee8fe97884d,,7,2,1,--,185 lbs.,--,,"Oct 05, 1997",0.00,0%,0.00,0%,0.00,0%,0%,0.0
Sean,Santella,http://ufcstats.com/fighter-details/39792c2f42c9f527,Shorty Rock,17,6,1 (1 NC),"5' 5""",125 lbs.,--,,"Oct 25, 1984",0.00,0%,0.00,0%,0.00,0%,0%,0.0
Jorge,Santiago,http://ufcstats.com/fighter-details/f8dc544e7077d014,The Sandman,25,12,0,"6' 1""",170 lbs.,"75""",Orthodox,"Oct 09, 1980",1.69,35%,2.62,56%,0.58,30%,52%,0.8
Mike,Santiago,http://ufcstats.com/fighter-details/bc656db347f31e19,,19,12,0,"5' 10""",145 lbs.,"69""",Orthodox,"Jul 28, 1989",3.44,49%,3.58,36%,2.66,50%,53%,1.1
Will,Santiago,http://ufcstats.com/fighter-details/4920292f5d9b76df,The Brown Bomber,9,5,0,"5' 7""",185 lbs.,--,Orthodox,"Feb 08, 1983",1.47,39%,5.53,56%,1.00,50%,100%,0.0
Richie,Santiago,http://ufcstats.com/fighter-details/9f95d6b5b459cc6b,The Milford Mauler,7,2,0,"5' 7""",135 lbs.,"67""",Southpaw,"Oct 10, 1992",3.87,49%,4.87,42%,0.00,0%,25%,0.0
Jose,Santibanez,http://ufcstats.com/fighter-details/8299206ccebc44a7,,10,3,0,--,155 lbs.,--,,"Jan 18, 1980",0.00,0%,0.00,0%,0.00,0%,0%,0.0
Art,Santore,http://ufcstats.com/fighter-details/012fc7cd0779c09a,Pachuco,18,8,0,"6' 2""",185 lbs.,--,,"Oct 26, 1972",1.40,12%,7.31,52%,0.00,0%,100%,0.0
Adriano,Santos,http://ufcstats.com/fighter-details/c6e6926a81adcd00,,0,1,0,--,--,--,,--,0.00,0%,0.00,0%,0.00,0%,0%,0.0
Paulo,Santos,http://ufcstats.com/fighter-details/7ca4c3f8aa8bacae,,0,3,0,--,--,--,,--,0.00,0%,0.00,0%,0.00,0%,0%,0.0
Evangelista,Santos,http://ufcstats.com/fighter-details/99bf06f20491cb54,Cyborg,21,18,0,"5' 10""",170 lbs.,"76""",Orthodox,"Dec 12, 1977",3.94,36%,6.01,49%,0.78,100%,50%,0.4
Luis,Santos,http://ufcstats.com/fighter-details/7701377be464d2ef,,63,10,1 (1 NC),"6' 1""",170 lbs.,--,Southpaw,--,4.40,57%,4.00,64%,0.00,0%,0%,0.0
Iliarde,Santos,http://ufcstats.com/fighter-details/14aa21bc82cac57d,,30,13,1 (1 NC),"5' 5""",125 lbs.,"67""",Orthodox,"Sep 25, 1980",3.00,30%,6.10,57%,1.66,23%,83%,0.0
Leonardo,Santos,http://ufcstats.com/fighter-details/9c65736747ca92ec,,18,7,1,"6' 0""",155 lbs.,"75""",Orthodox,"Feb 05, 1980",2.82,46%,3.40,54%,0.88,25%,86%,0.2
Thiago,Santos,http://ufcstats.com/fighter-details/dea070ed4a2a8281,Marreta,22,11,0,"6' 2""",205 lbs.,"76""",Orthodox,"Jan 07, 1984",3.72,48%,2.57,53%,0.88,33%,65%,0.1
Bruno,Santos,http://ufcstats.com/fighter-details/da1d8d76404bb6b5,Carioca,15,2,0,"5' 9""",185 lbs.,--,Orthodox,"Jul 17, 1987",1.18,46%,2.27,56%,3.00,37%,66%,0.3
Andre,Santos,http://ufcstats.com/fighter-details/5b5b78116d1fc3eb,Chatuba,38,10,0,"6' 0""",170 lbs.,--,,--,2.77,34%,4.17,41%,2.50,29%,75%,0.0
Gleristone,Santos,http://ufcstats.com/fighter-details/d12ee718fb35c35c,Toninho Furia,33,7,0,"5' 9""",145 lbs.,--,,"Aug 20, 1988",3.40,31%,4.40,64%,0.00,0%,75%,0.0
Yana,Santos,http://ufcstats.com/fighter-details/3143bf892608139a,,16,8,0 (1 NC),"5' 6""",135 lbs.,"68""",Orthodox,"Nov 11, 1989",4.42,58%,3.07,52%,0.87,50%,53%,0.1
Taila,Santos,http://ufcstats.com/fighter-details/f7467152fd9f18a2,,19,3,0,"5' 6""",125 lbs.,"68""",Orthodox,"Jun 22, 1993",3.39,48%,2.64,58%,2.00,76%,86%,1.1
Marilia,Santos,http://ufcstats.com/fighter-details/4cb79988b2a9bd07,Chocolate,10,3,0,"5' 4""",125 lbs.,--,Orthodox,"Dec 12, 1992",4.40,54%,4.07,53%,1.00,100%,66%,1.0
Edivan,Santos,http://ufcstats.com/fighter-details/78719f6663ad9160,Pe De Sapo,12,3,1 (1 NC),"6' 4""",248 lbs.,"78""",Orthodox,"May 03, 1992",1.55,48%,7.09,26%,0.00,0%,25%,0.0
Daniel,Santos,http://ufcstats.com/fighter-details/b67d6bacc68d4c92,Willycat,13,2,0,"5' 7""",145 lbs.,"67""",Orthodox,"Mar 12, 1995",4.74,40%,4.96,51%,3.03,39%,73%,0.0
Gabriel,Santos,http://ufcstats.com/fighter-details/f2f140ce7532e327,Mosquitinho,12,2,0,"5' 9""",145 lbs.,"70""",Orthodox,"Nov 28, 1996",4.35,60%,4.31,45%,3.80,54%,87%,1.2
Luana,Santos,http://ufcstats.com/fighter-details/5078e1dacf9d25f4,,9,2,0,"5' 6""",135 lbs.,"67""",Orthodox,"Apr 16, 2000",3.69,52%,3.40,62%,1.91,50%,83%,1.3
Djorden,Santos,http://ufcstats.com/fighter-details/312f7d7b2b2f7de4,Shakur,10,2,0,"6' 0""",185 lbs.,"75""",Orthodox,"Aug 01, 1997",7.20,43%,5.87,49%,1.00,40%,86%,0.0
Mairon,Santos,http://ufcstats.com/fighter-details/480779d7f9a424d3,The Legend,17,1,0,"5' 7""",155 lbs.,"72""",Orthodox,"Jun 10, 2000",3.53,46%,2.38,66%,0.00,0%,50%,0.0
Nick,Sanzo,http://ufcstats.com/fighter-details/1d147d4163a6989b,,1,1,0,"5' 9""",190 lbs.,--,,--,0.00,0%,0.00,0%,0.00,0%,0%,0.0
Bob,Sapp,http://ufcstats.com/fighter-details/9f3d6ddef3d3cccc,The Beast,11,20,0,"6' 5""",350 lbs.,--,Orthodox,"Sep 22, 1974",3.19,55%,1.88,49%,0.58,100%,72%,0.0
Daniel,Sarafian,http://ufcstats.com/fighter-details/7e47047d0971d566,,10,6,0,"5' 9""",185 lbs.,"73""",Orthodox,"Aug 21, 1982",2.23,46%,3.10,58%,0.36,7%,53%,0.7
Jeka,Saragih,http://ufcstats.com/fighter-details/57186c150c645200,,14,4,0,"5' 8""",145 lbs.,"69""",Orthodox,"Jan 01, 1995",2.73,50%,2.65,41%,2.21,80%,66%,0.6
Diego,Saraiva,http://ufcstats.com/fighter-details/4f4dac51adc1af4f,The Octopus,22,20,1,"5' 6""",155 lbs.,--,Orthodox,"Apr 23, 1982",1.64,32%,3.58,62%,1.33,40%,0%,0.7
Harris,Sarmiento,http://ufcstats.com/fighter-details/026b4f7049085842,The Hitman,36,26,0,"5' 9""",155 lbs.,--,Orthodox,"Sep 09, 1983",0.84,25%,3.46,36%,2.36,60%,57%,0.0
Alexander,Sarnavskiy,http://ufcstats.com/fighter-details/2097b1a5ff47dfb0,Tiger,35,6,0,"5' 11""",155 lbs.,--,,"Jan 17, 1989",1.43,66%,2.06,42%,0.00,0%,75%,0.0
Yuki,Sasaki,http://ufcstats.com/fighter-details/e5c38954c006f15c,,25,22,2,"6' 2""",185 lbs.,--,Orthodox,"Sep 12, 1976",1.09,43%,1.20,57%,0.43,100%,66%,0.0
Kyosuke,Sasaki,http://ufcstats.com/fighter-details/23bd78c3f89bdb54,,3,7,4,"5' 7""",183 lbs.,--,Southpaw,--,0.33,45%,0.93,46%,0.00,0%,0%,0.0
Yuta,Sasaki,http://ufcstats.com/fighter-details/7c3c48cf54a2848e,Ulka,21,6,2,"5' 10""",125 lbs.,"71""",Southpaw,"Oct 07, 1989",2.16,41%,2.50,50%,3.03,43%,41%,1.2
Paul,Sass,http://ufcstats.com/fighter-details/7b143a54451263d9,,14,2,0,"6' 0""",155 lbs.,"73""",Orthodox,"Aug 04, 1988",0.53,26%,1.90,51%,0.53,16%,33%,7.4
Keisuke,Sasu,http://ufcstats.com/fighter-details/b7bcf6dfbbb7c16c,Sasuke,11,3,1,"5' 5""",145 lbs.,"69""",Switch,"Sep 30, 1994",2.76,49%,2.42,48%,3.76,40%,61%,1.9
Masaaki,Satake,http://ufcstats.com/fighter-details/f4a031ac205ac580,,1,8,1,"6' 1""",220 lbs.,--,Orthodox,"Aug 17, 1965",1.40,35%,3.76,41%,0.00,0%,58%,0.0
Takenori,Sato,http://ufcstats.com/fighter-details/276c60b14b571dd4,,19,11,7 (1 NC),"5' 10""",170 lbs.,--,Southpaw,"Jun 08, 1985",0.46,33%,12.92,9%,0.00,0%,0%,0.0
Takashi,Sato,http://ufcstats.com/fighter-details/8abac218746e04ca,Ten,16,7,0,"5' 10""",170 lbs.,"73""",Southpaw,"Jun 09, 1990",2.21,41%,3.73,44%,0.76,37%,60%,0.0
Shogo,Sato,http://ufcstats.com/fighter-details/c982b98d33825763,Tora,5,1,0 (1 NC),"5' 5""",170 lbs.,"66""",Southpaw,"Jun 08, 1993",0.00,0%,0.00,0%,0.00,0%,0%,0.0
Uran,Satybaldiev,http://ufcstats.com/fighter-details/02f484417a6fa69d,Gorilla,9,1,0,"6' 4""",223 lbs.,"79""",Orthodox,"Aug 10, 1994",2.40,25%,3.87,45%,0.00,0%,100%,0.0
Jeimeson,Saudino,http://ufcstats.com/fighter-details/f6f9d41669dd3eaa,The Minion,8,5,0,"5' 6""",135 lbs.,--,,"Mar 05, 1991",0.66,30%,0.82,84%,2.47,50%,0%,2.5
Tom,Sauer,http://ufcstats.com/fighter-details/36ab6af06e312b41,,25,12,0,"6' 1""",263 lbs.,--,,"Nov 11, 1970",0.00,0%,0.00,0%,0.00,0%,0%,0.0
Townsend,Saunders,http://ufcstats.com/fighter-details/20bd6c3e03c46ee6,,0,2,0,"5' 5""",170 lbs.,--,Orthodox,--,0.00,0%,0.00,0%,0.00,0%,0%,0.0
Ben,Saunders,http://ufcstats.com/fighter-details/484acc7b0f856ce9,Killa B,22,13,2,"6' 2""",170 lbs.,"77""",Orthodox,"Apr 13, 1983",3.23,50%,3.58,51%,0.20,40%,66%,1.3
Chad W.,Saunders,http://ufcstats.com/fighter-details/4fe9492959834bf7,,7,2,0,"5' 10""",170 lbs.,--,Orthodox,--,0.00,0%,0.00,0%,0.00,0%,0%,0.0
Chris,Saunders,http://ufcstats.com/fighter-details/b35a159f525764eb,The So Cal Kid,16,8,0,"5' 8""",155 lbs.,--,,"Mar 11, 1986",1.48,22%,2.96,75%,3.70,100%,0%,0.0
Christien,Savoie,http://ufcstats.com/fighter-details/67f0d1b1b0b39bec,The Tiger,10,2,1,"5' 11""",170 lbs.,"72""",Orthodox,"Aug 29, 1992",1.39,45%,6.95,23%,0.00,0%,12%,0.0
Lumumba,Sayers,http://ufcstats.com/fighter-details/402ea3b5ee233852,,6,5,0,"6' 0""",185 lbs.,--,,"Jun 30, 1978",2.54,41%,2.37,48%,7.63,75%,0%,2.5
Matt,Sayles,http://ufcstats.com/fighter-details/5b8ba8f5512893b1,,8,4,0,"5' 7""",155 lbs.,"68""",Orthodox,"Feb 21, 1994",4.83,41%,2.81,61%,0.36,16%,81%,0.7
Brandon,Sayles,http://ufcstats.com/fighter-details/72b7c071910990b1,Man of War,5,1,0,"6' 5""",265 lbs.,--,,"Apr 23, 1981",0.00,0%,0.00,0%,0.00,0%,0%,0.0
Mikheil,Sazhiniani,http://ufcstats.com/fighter-details/22a1f83edb865aee,Spartan,13,3,0,"6' 0""",205 lbs.,"71""",Orthodox,"Oct 05, 1996",2.27,28%,3.03,52%,0.00,0%,100%,0.0
Mark,Scanlon,http://ufcstats.com/fighter-details/771b60ff889661c8,,9,2,0,"5' 9""",170 lbs.,--,Orthodox,--,2.20,35%,3.33,48%,3.00,75%,25%,2.0
Eric,Schafer,http://ufcstats.com/fighter-details/f59f1d3a2ff13edd,Red,14,8,2,"6' 3""",185 lbs.,"76""",Orthodox,"Sep 20, 1977",1.89,34%,3.38,56%,1.81,36%,50%,1.8
Kerry,Schall,http://ufcstats.com/fighter-details/030f08370fd1c2bb,Meat Truck,24,13,0 (1 NC),"6' 2""",265 lbs.,--,Orthodox,"Aug 09, 1971",0.94,11%,4.84,63%,0.00,0%,0%,0.0
Eric,Schambari,http://ufcstats.com/fighter-details/66e981516e2476d1,,15,6,0,"5' 11""",185 lbs.,--,Orthodox,"Apr 22, 1978",1.43,42%,1.07,54%,3.00,42%,0%,1.0
Brendan,Schaub,http://ufcstats.com/fighter-details/89a407032911e27e,Big Brown,10,5,0,"6' 4""",245 lbs.,"78""",Orthodox,"Mar 18, 1983",2.92,37%,2.22,57%,2.32,46%,72%,0.4
Matheus,Scheffel,http://ufcstats.com/fighter-details/a296ad1d238d97df,Buffa,14,7,0,"6' 2""",205 lbs.,"75""",Orthodox,"Nov 04, 1992",1.33,36%,3.00,47%,0.00,0%,100%,0.0
Antonio,Schembri,http://ufcstats.com/fighter-details/a3244e3238541482,Nino,5,5,0,"5' 9""",205 lbs.,--,Orthodox,"Jun 01, 1974",0.72,26%,2.12,55%,1.31,40%,0%,0.4
Fabiano,Scherner,http://ufcstats.com/fighter-details/0bc7e61d204f2137,Pegaleve,11,10,0 (3 NC),"6' 3""",257 lbs.,--,Orthodox,"Jun 30, 1972",1.31,31%,3.20,38%,1.09,33%,40%,0.0
Samy,Schiavo,http://ufcstats.com/fighter-details/1208ffc5be6e31ad,,10,6,0,"5' 8""",155 lbs.,--,Orthodox,"Dec 24, 1975",1.68,34%,2.62,38%,0.94,50%,66%,0.9
Pat,Schilling,http://ufcstats.com/fighter-details/de12bd65e2f46478,Thrilling,5,2,0,"5' 8""",145 lbs.,--,Orthodox,"Aug 28, 1988",1.87,26%,8.24,52%,0.00,0%,0%,0.0
Joe,Schilling,http://ufcstats.com/fighter-details/f41fad444939056b,,2,5,0,"6' 3""",185 lbs.,--,,--,2.84,52%,2.64,48%,0.00,0%,44%,0.0
Semmy,Schilt,http://ufcstats.com/fighter-details/d5ed14b2153c6ed2,Hightower,26,14,1,"6' 10""",265 lbs.,--,Orthodox,"Oct 27, 1973",1.20,50%,1.31,53%,0.00,0%,47%,1.1
Adam,Schindler,http://ufcstats.com/fighter-details/89ea01f5a7ada40c,,10,6,0,"5' 8""",155 lbs.,--,,"May 19, 1983",0.00,0%,0.00,0%,0.00,0%,0%,0.0
Daniel,Schmitt,http://ufcstats.com/fighter-details/bd02e222a6166d50,,2,3,0,--,185 lbs.,--,,--,0.00,0%,0.00,0%,0.00,0%,0%,0.0
Colleen,Schneider,http://ufcstats.com/fighter-details/aa943b9bc00cb0ed,,11,7,0,--,135 lbs.,--,,--,2.17,48%,2.50,50%,2.50,50%,60%,0.0
Matt,Schnell,http://ufcstats.com/fighter-details/67c1d46f4ed16f9e,Danger,17,9,0 (1 NC),"5' 8""",125 lbs.,"70""",Orthodox,"Jan 15, 1990",4.13,40%,4.17,55%,0.49,40%,43%,1.2
Alex,Schoenauer,http://ufcstats.com/fighter-details/fdfef29ba17ee525,,15,10,0,"6' 3""",185 lbs.,--,Orthodox,"May 05, 1976",1.22,40%,2.27,42%,0.00,0%,22%,4.9
Bailey,Schoenfelder,http://ufcstats.com/fighter-details/b0353e7f5038dd09,Berserk,5,1,0,"6' 3""",265 lbs.,"76""",Orthodox,"Sep 22, 1997",0.00,0%,9.86,53%,0.00,0%,0%,0.0
Darrill,Schoonover,http://ufcstats.com/fighter-details/5a558ba1ff5e9121,The Boss,14,8,0,"6' 2""",220 lbs.,--,Orthodox,"Jul 18, 1985",1.20,33%,4.35,38%,0.00,0%,50%,1.1
Bob,Schrijber,http://ufcstats.com/fighter-details/d86e913c548c07c2,Dirty,20,17,1,"6' 0""",240 lbs.,--,Orthodox,--,0.00,0%,0.00,0%,0.00,0%,0%,0.0
Nate,Schroeder,http://ufcstats.com/fighter-details/040426baba8a45e8,,11,10,0,"6' 1""",230 lbs.,--,,--,0.00,0%,0.00,0%,0.00,0%,0%,0.0
Lacey,Schuckman,http://ufcstats.com/fighter-details/e44c679c30403cba,,11,10,0,"5' 3""",125 lbs.,--,,--,0.00,0%,0.00,0%,0.00,0%,0%,0.0
Mark,Schultz,http://ufcstats.com/fighter-details/c1684f00c626f4c0,,1,1,0,"5' 9""",200 lbs.,--,Orthodox,--,0.00,0%,0.00,0%,0.00,0%,0%,0.0
Wes,Schultz,http://ufcstats.com/fighter-details/b4443fae47e7eb9d,Party Time,6,2,0,"6' 2""",185 lbs.,"77""",Orthodox,"Aug 09, 1996",5.16,45%,5.38,46%,3.36,25%,0%,0.0
Brian,Schwartz,http://ufcstats.com/fighter-details/99c80d2bd5dbe5a9,,1,1,0,"6' 3""",170 lbs.,--,Orthodox,--,1.27,44%,0.87,45%,0.00,0%,50%,1.0
Eric,Schwartz,http://ufcstats.com/fighter-details/79cbdf233e5e0496,,2,0,0,--,205 lbs.,--,,--,0.00,0%,0.00,0%,0.00,0%,0%,0.0
Justin,Scoggins,http://ufcstats.com/fighter-details/9fa568ad2bf2cb0b,,11,5,0,"5' 7""",125 lbs.,"66""",Southpaw,"May 02, 1992",3.56,51%,2.16,55%,3.42,63%,82%,0.5
Brad,Scott,http://ufcstats.com/fighter-details/34e552520a934063,Bear,11,6,0,"6' 1""",170 lbs.,"76""",Orthodox,"Jun 24, 1989",3.52,41%,4.31,57%,0.32,15%,63%,0.7
Greg,Scott,http://ufcstats.com/fighter-details/0b235384fe23fc9c,,3,4,0,"5' 9""",145 lbs.,--,,--,3.90,55%,7.79,37%,11.69,100%,0%,0.0
Louis Lee,Scott,http://ufcstats.com/fighter-details/4327506eb9ee342f,Lightning,8,0,0,--,135 lbs.,--,,"Feb 26, 2000",0.00,0%,0.00,0%,0.00,0%,0%,0.0
Zachary,Scroggin,http://ufcstats.com/fighter-details/03dee485905dbc9f,,7,1,0,"6' 3""",170 lbs.,"74""",Orthodox,"Mar 09, 1996",2.40,37%,8.80,68%,0.00,0%,0%,0.0
Mike,Seal,http://ufcstats.com/fighter-details/0c01568b1ac77bff,Crazy Boy,13,15,1 (1 NC),"6' 4""",185 lbs.,--,Orthodox,--,5.50,68%,3.33,50%,0.00,0%,33%,0.0
Matt,Secor,http://ufcstats.com/fighter-details/d1ce40aca99a9b70,,8,4,0,"6' 0""",170 lbs.,--,,"Sep 26, 1986",0.51,20%,0.81,50%,3.03,100%,0%,3.0
Kenneth,Seegrist,http://ufcstats.com/fighter-details/55e94a9b525dcf45,,4,7,0,"6' 0""",185 lbs.,--,Orthodox,--,3.21,66%,1.28,0%,0.00,0%,40%,14.4
Neil,Seery,http://ufcstats.com/fighter-details/49a74b9fb2e45fdf,2Tap,16,13,0,"5' 4""",125 lbs.,"64""",Orthodox,"Aug 30, 1979",3.56,41%,3.79,58%,0.78,27%,53%,1.6
Rony,Sefo,http://ufcstats.com/fighter-details/d6b68eaf4b68b160,,0,2,0,"5' 9""",225 lbs.,--,Orthodox,--,0.00,0%,0.43,0%,0.00,0%,0%,0.0
Ray,Sefo,http://ufcstats.com/fighter-details/646d5dbe509accd4,Sugarfoot,2,2,0,"6' 0""",240 lbs.,--,Orthodox,"Feb 15, 1971",0.86,31%,1.71,72%,0.00,0%,66%,0.0
Brendan,Seguin,http://ufcstats.com/fighter-details/e4bb7e483c4ad318,,23,19,1,"6' 0""",185 lbs.,--,,"Jul 03, 1976",2.60,45%,0.60,84%,5.00,62%,100%,0.0
Tetsuya,Seki,http://ufcstats.com/fighter-details/5e1062e066c601e6,,14,8,1,"5' 10""",155 lbs.,--,,"Feb 08, 1994",0.00,0%,0.00,0%,0.00,0%,0%,0.0
Stefan,Sekulic,http://ufcstats.com/fighter-details/348dff4e03bd18c6,,12,4,0,"6' 0""",170 lbs.,"75""",Southpaw,"Feb 12, 1992",1.83,50%,2.83,64%,2.00,33%,25%,0.5
Pete,Sell,http://ufcstats.com/fighter-details/0359313549d230a1,Drago,10,7,0,"5' 11""",170 lbs.,"75""",Orthodox,"Aug 05, 1982",2.60,42%,3.65,51%,0.91,21%,47%,0.9
Matthew,Semelsberger,http://ufcstats.com/fighter-details/4aa58269d0664b5b,Semi The Jedi,11,8,0,"6' 1""",170 lbs.,"75""",Switch,"Nov 23, 1992",3.77,42%,4.24,54%,1.01,57%,45%,0.4
Andrei,Semenov,http://ufcstats.com/fighter-details/5f2f0da6fd6a84fd,,34,9,2,"6' 0""",185 lbs.,--,Orthodox,"Jun 17, 1977",0.78,15%,2.44,60%,1.74,80%,55%,0.4
Mackens,Semerzier,http://ufcstats.com/fighter-details/51b1e2fd9872005b,Da Menace,8,4,0 (1 NC),"5' 9""",145 lbs.,"72""",Orthodox,"Nov 03, 1980",2.91,45%,3.48,46%,2.14,50%,50%,2.1
Brandon,Sene,http://ufcstats.com/fighter-details/3ed134d85dfbd7b4,,2,2,0,"5' 11""",205 lbs.,--,,"May 21, 1981",0.00,0%,0.00,0%,0.00,0%,0%,0.0
YeDam,Seo,http://ufcstats.com/fighter-details/762572d67204fadb,,7,4,0,"5' 3""",115 lbs.,"63""",Orthodox,"Mar 20, 1992",1.07,27%,2.40,58%,0.50,20%,42%,0.0
DongHyun,Seo,http://ufcstats.com/fighter-details/0505e27a5d00704a,Pinnacle,7,3,1,"5' 5""",145 lbs.,"67""",Orthodox,"Aug 22, 1990",0.00,0%,0.00,0%,0.00,0%,0%,0.0
Kim In,Seok,http://ufcstats.com/fighter-details/88b250ba222c3a98,,3,6,0,"5' 6""",145 lbs.,--,Orthodox,--,0.87,37%,5.19,60%,0.00,0%,0%,0.0
Ray,Seraille,http://ufcstats.com/fighter-details/2f04c4183523be2e,,8,9,0,"6' 3""",246 lbs.,--,,--,5.29,27%,17.65,41%,0.00,0%,0%,0.0
Ivan,Serati,http://ufcstats.com/fighter-details/b23fca14c7b79935,,12,4,0,"6' 0""",205 lbs.,--,Orthodox,--,0.86,26%,5.33,29%,0.00,0%,0%,0.0
Alex,Serdyukov,http://ufcstats.com/fighter-details/253d3f9e97ca149a,The Russian Crusher,8,5,0,"6' 2""",170 lbs.,"74""",Orthodox,"May 24, 1980",4.94,48%,3.10,46%,1.84,55%,67%,1.8
Nicholas,Sergiacomi,http://ufcstats.com/fighter-details/efab191f204ffa17,,1,1,0,--,170 lbs.,--,,--,4.38,55%,3.94,59%,0.00,0%,0%,0.0
Matt,Serra,http://ufcstats.com/fighter-details/86dfed7cc24a9fa7,The Terra,11,7,0,"5' 6""",170 lbs.,"68""",Orthodox,"Jun 02, 1974",1.98,39%,2.64,46%,2.05,20%,38%,0.9
Nick,Serra,http://ufcstats.com/fighter-details/1975c2272ba40e71,The Mad Monkey,7,3,0,"5' 9""",170 lbs.,--,Orthodox,"Mar 27, 1978",0.00,0%,1.73,43%,1.00,10%,0%,2.0
Adrian,Serrano,http://ufcstats.com/fighter-details/e7ec11096eac0282,,56,29,4,"5' 8""",170 lbs.,--,,"Dec 23, 1963",0.00,0%,0.00,0%,0.00,0%,0%,0.0
Fredy,Serrano,http://ufcstats.com/fighter-details/0ccab7c889ede9ea,El Profe,3,2,0,"5' 3""",125 lbs.,"65""",Orthodox,"Sep 22, 1979",1.58,26%,1.89,61%,2.84,25%,84%,0.0
Carl,Seumanutafa,http://ufcstats.com/fighter-details/dadaeb402526dca5,,10,8,0,"6' 1""",255 lbs.,--,Orthodox,--,0.00,0%,3.33,75%,0.00,0%,0%,0.0
Igor,Severino,http://ufcstats.com/fighter-details/6ad8e4296f7522d9,,8,1,0,"5' 7""",125 lbs.,"69""",Orthodox,"Apr 21, 2003",7.17,52%,4.33,47%,9.69,71%,50%,0.0
Dan,Severn,http://ufcstats.com/fighter-details/c670aa48827d6be6,The Beast,101,19,1,"6' 2""",250 lbs.,--,Southpaw,"Jun 08, 1958",0.00,0%,0.00,0%,0.00,0%,0%,0.0
Rosi,Sexton,http://ufcstats.com/fighter-details/5dfe71ade71f3a4b,The Surgeon,13,5,0,"5' 3""",135 lbs.,--,Orthodox,"Jul 16, 1977",3.31,39%,7.42,41%,0.75,10%,80%,0.0
Scott,Shaffer,http://ufcstats.com/fighter-details/5c38639f860a5542,,0,1,0,"5' 7""",145 lbs.,--,Orthodox,--,2.40,67%,0.53,50%,0.00,0%,72%,3.0
Edmen,Shahbazyan,http://ufcstats.com/fighter-details/4144798612ef96e5,The Golden Boy,14,5,0,"6' 2""",185 lbs.,"74""",Orthodox,"Nov 20, 1997",3.78,50%,3.85,47%,1.97,38%,65%,0.5
Leon,Shahbazyan,http://ufcstats.com/fighter-details/9eed2bcc9e0b92af,,7,2,0,"6' 4""",170 lbs.,"74""",Orthodox,"Nov 18, 1995",6.33,52%,8.18,32%,1.46,50%,0%,0.0
Don,Shainis,http://ufcstats.com/fighter-details/da4628f173337902,Shameless,12,5,0,"5' 6""",145 lbs.,"67""",Orthodox,"Sep 16, 1990",3.42,50%,5.87,31%,0.97,25%,20%,1.9
Liliya,Shakirova,http://ufcstats.com/fighter-details/f300763147320d12,,8,2,0,"5' 4""",125 lbs.,"65""",Orthodox,"Oct 24, 1991",2.70,30%,2.58,74%,0.00,0%,0%,0.0
Kamal,Shalorus,http://ufcstats.com/fighter-details/ece280745f8727b8,Prince of Persia,9,5,2,"5' 8""",155 lbs.,"68""",Orthodox,"Aug 27, 1972",3.06,32%,2.99,70%,2.07,50%,80%,0.0
Ken,Shamrock,http://ufcstats.com/fighter-details/63b65af1c5cb02cb,The World's Most Dangerous Man,28,17,2,"6' 1""",205 lbs.,"72""",Orthodox,"Feb 11, 1964",1.47,46%,4.30,39%,0.94,60%,44%,2.5
Frank,Shamrock,http://ufcstats.com/fighter-details/fcaae0385b514f11,,23,10,2,"5' 10""",185 lbs.,--,Orthodox,"Dec 08, 1972",4.75,53%,4.66,57%,0.35,50%,37%,1.1
Shang,Zhifa,http://ufcstats.com/fighter-details/5a7350645bc9bd6e,Northeast Flying Tiger,32,8,0,"5' 7""",125 lbs.,"63""",Orthodox,"Mar 15, 1986",1.27,32%,1.27,60%,2.00,100%,0%,0.0
Sean,Sharaf,http://ufcstats.com/fighter-details/0f3a990526c5e706,The Smoke,4,1,0,"6' 3""",252 lbs.,"77""",Orthodox,"Jul 11, 1993",7.31,44%,9.79,44%,2.07,12%,0%,0.0
Priya,Sharma,http://ufcstats.com/fighter-details/5f23eaf9e9c34667,The Catwoman,5,2,0,"5' 1""",115 lbs.,"59""",Orthodox,"Aug 29, 1991",1.33,16%,3.20,40%,0.00,0%,55%,0.0
Jason,Sharp,http://ufcstats.com/fighter-details/285e32e41f61a5b1,,3,3,0,--,205 lbs.,--,,--,0.00,0%,0.00,0%,0.00,0%,0%,0.0
Eric,Shelton,http://ufcstats.com/fighter-details/a0c64f272b65d441,Showtime,12,6,0,"5' 6""",125 lbs.,"68""",Orthodox,"Feb 02, 1991",2.57,42%,1.88,63%,2.83,51%,46%,0.2
Sean,Sherk,http://ufcstats.com/fighter-details/029880cdbf5ca089,The Muscle Shark,36,4,1,"5' 6""",155 lbs.,"67""",Orthodox,"Aug 05, 1973",2.17,35%,2.71,55%,4.09,46%,56%,0.4
Chase,Sherman,http://ufcstats.com/fighter-details/01b352b6a9074d5c,The Vanilla Gorilla,16,12,0,"6' 4""",250 lbs.,"78""",Orthodox,"Nov 16, 1989",6.04,45%,6.65,52%,0.09,50%,74%,0.0
Valentina,Shevchenko,http://ufcstats.com/fighter-details/132deb59abae64b1,Bullet,25,4,1,"5' 5""",125 lbs.,"66""",Southpaw,"Mar 07, 1988",3.14,52%,2.06,63%,2.62,60%,75%,0.3
Antonina,Shevchenko,http://ufcstats.com/fighter-details/d7338bcb141abd2c,La Pantera,10,4,0,"5' 8""",125 lbs.,"67""",Southpaw,"Nov 20, 1984",3.86,55%,2.93,52%,0.43,42%,53%,0.4
Shi,Ming,http://ufcstats.com/fighter-details/d683f4870742b273,,17,5,0,"5' 2""",115 lbs.,"60""",Orthodox,"Nov 14, 1994",3.48,39%,3.24,53%,0.37,16%,58%,0.0
Katsuyori,Shibata,http://ufcstats.com/fighter-details/d4da8995fc91e7ef,,4,11,1,"6' 0""",168 lbs.,--,Orthodox,"Nov 17, 1979",2.06,35%,2.40,53%,0.49,50%,53%,0.7
Jake,Shields,http://ufcstats.com/fighter-details/fe435e440b5de0ff,,31,9,1 (1 NC),"6' 0""",170 lbs.,"72""",Orthodox,"Jan 09, 1979",2.45,36%,1.80,56%,2.83,29%,35%,1.2
Henrique,Shiguemoto,http://ufcstats.com/fighter-details/5d1700cfbaafbe06,,13,4,1,"5' 11""",185 lbs.,"72""",Orthodox,"Jun 22, 1989",3.60,33%,6.00,16%,0.00,0%,50%,0.0
Shunichi,Shimizu,http://ufcstats.com/fighter-details/10657c60ce349e0f,,30,18,11 (1 NC),"5' 5""",135 lbs.,--,Orthodox,"Jan 31, 1985",0.14,33%,4.68,30%,0.00,0%,0%,0.0
Wade,Shipp,http://ufcstats.com/fighter-details/a9a314cc77d90b6e,The Nightmare,11,5,0,"6' 3""",245 lbs.,--,Orthodox,"Feb 09, 1975",4.29,86%,2.14,0%,0.00,0%,75%,0.0
Raja,Shippen,http://ufcstats.com/fighter-details/d9e1942637bd57a4,,18,11,1,"5' 6""",145 lbs.,--,,"Oct 07, 1986",0.00,0%,0.00,0%,0.00,0%,0%,0.0
Yuya,Shirai,http://ufcstats.com/fighter-details/a79bfbc01b2264d6,,26,14,2,"5' 8""",168 lbs.,--,Orthodox,"Apr 02, 1980",1.02,100%,4.07,55%,0.00,0%,0%,0.0
Wes,Shivers,http://ufcstats.com/fighter-details/ad863b0d57952c57,,7,1,0,"6' 8""",--,--,,--,0.00,0%,0.00,0%,0.00,0%,0%,0.0
Alexander,Shlemenko,http://ufcstats.com/fighter-details/ed3ea649b34ddb6c,Storm,56,9,0 (1 NC),"5' 11""",185 lbs.,--,,"May 20, 1984",4.36,60%,1.71,63%,0.00,0%,0%,0.0
Josh,Shockley,http://ufcstats.com/fighter-details/1d36f1ac66cf689d,,11,4,0,"6' 1""",155 lbs.,--,Orthodox,"Nov 15, 1989",1.40,33%,1.75,60%,0.00,0%,61%,0.8
Josh,Shockman,http://ufcstats.com/fighter-details/821cd80aab70d5f9,The War Hammer,6,3,0,"6' 4""",235 lbs.,--,Southpaw,"Dec 29, 1980",0.87,32%,0.87,58%,0.00,0%,23%,0.0
Akira,Shoji,http://ufcstats.com/fighter-details/b0c95dc8e858452c,,14,17,5,"5' 8""",195 lbs.,--,Orthodox,"Jan 31, 1974",1.03,34%,2.63,53%,1.79,73%,82%,0.4
Liudvik,Sholinian,http://ufcstats.com/fighter-details/1a54231796e24a3f,Palmeyros,9,4,1,"5' 10""",135 lbs.,"71""",Orthodox,"Jan 20, 1990",2.50,30%,5.67,55%,0.00,0%,66%,0.0
Jack,Shore,http://ufcstats.com/fighter-details/b8a85389d115e35a,Tank,17,3,0,"5' 8""",145 lbs.,"71""",Orthodox,"Feb 06, 1995",3.60,58%,2.31,56%,3.22,39%,74%,0.6
Landon,Showalter,http://ufcstats.com/fighter-details/35cc17760b06f36d,The Show,11,19,1,"6' 0""",185 lbs.,--,,"Jun 14, 1976",0.00,0%,0.00,0%,0.00,0%,0%,0.0
Ivan,Shtyrkov,http://ufcstats.com/fighter-details/1f4b1d7d12601c5f,Ural Hulk,15,0,1,"6' 0""",205 lbs.,"74""",Orthodox,"Jun 09, 1988",0.00,0%,0.00,0%,0.00,0%,0%,0.0
Brandon,Shuey,http://ufcstats.com/fighter-details/585f9ffdb0cd0466,Big Dawg,7,6,0,"5' 7""",155 lbs.,--,Orthodox,"Feb 01, 1976",0.68,33%,1.36,0%,0.00,0%,0%,10.2
Ronal,Siahaan,http://ufcstats.com/fighter-details/762226efa2b01654,Naga Sakti,7,1,0,"5' 7""",125 lbs.,"71""",Southpaw,"May 05, 1996",0.63,66%,6.17,25%,0.00,0%,25%,0.0
Sam,Sicilia,http://ufcstats.com/fighter-details/b8aef0faf4ce9b31,,15,8,0,"5' 8""",145 lbs.,"67""",Orthodox,"Feb 01, 1986",2.46,33%,3.55,59%,1.45,43%,70%,0.9
Kiril,Sidelnikov,http://ufcstats.com/fighter-details/cf772fb504842dc3,,11,4,0,"5' 11""",230 lbs.,--,,"Aug 17, 1988",2.87,28%,4.48,61%,0.00,0%,0%,0.0
Serhiy,Sidey,http://ufcstats.com/fighter-details/1a2bf44edb8055b6,,12,2,0,"5' 11""",135 lbs.,"72""",Switch,"Jul 04, 1996",4.49,39%,4.26,54%,1.58,25%,20%,1.3
Steven,Siler,http://ufcstats.com/fighter-details/d188a3b817860ec6,Super,29,16,0,"5' 11""",145 lbs.,"70""",Orthodox,"Feb 15, 1987",3.21,41%,2.96,54%,0.47,21%,55%,1.6
Siala,Siliga,http://ufcstats.com/fighter-details/3cf68c1d17f66af7,Mighty Mo,12,5,0,"6' 1""",290 lbs.,--,Orthodox,"Oct 08, 1970",1.08,26%,1.96,50%,1.47,50%,80%,0.0
Xavier,Siller,http://ufcstats.com/fighter-details/9a08c2753184ac6d,Young Guns,5,5,0,"5' 5""",125 lbs.,--,,"Jun 06, 1994",1.02,36%,1.53,57%,3.83,100%,0%,0.0
Assuerio,Silva,http://ufcstats.com/fighter-details/e091482fa6648261,,16,8,0 (1 NC),"5' 10""",241 lbs.,--,Orthodox,"Jun 18, 1974",1.42,46%,4.20,54%,2.66,34%,25%,1.8
Anderson,Silva,http://ufcstats.com/fighter-details/1f454354805b6f75,The Spider,34,11,0 (1 NC),"6' 2""",185 lbs.,"77""",Southpaw,"Apr 14, 1975",3.05,61%,2.05,60%,0.50,77%,69%,0.8
Wanderlei,Silva,http://ufcstats.com/fighter-details/a1f6999fe57236e0,The Axe Murderer,35,13,1 (1 NC),"5' 11""",205 lbs.,"74""",Orthodox,"Jul 03, 1976",2.79,40%,2.19,60%,0.97,53%,62%,0.6
Thiago,Silva,http://ufcstats.com/fighter-details/2924886ee9c4c527,,19,6,0 (2 NC),"6' 2""",205 lbs.,"74""",Orthodox,"Nov 12, 1982",3.92,50%,2.55,67%,1.03,47%,70%,0.7
Paulo Cesar,Silva,http://ufcstats.com/fighter-details/55b8dc4e54fe2c59,Giant,2,6,0,"7' 5""",385 lbs.,--,Orthodox,"Jul 21, 1963",0.40,15%,2.72,47%,0.42,100%,16%,0.4
Jean,Silva,http://ufcstats.com/fighter-details/9211aae062b799d6,White Bear,19,12,3 (1 NC),"5' 6""",160 lbs.,--,Orthodox,"Oct 08, 1977",0.73,22%,2.93,52%,0.00,0%,0%,0.0
Edson,Silva,http://ufcstats.com/fighter-details/a1153013cb5f628f,Paredao,14,12,0 (1 NC),--,205 lbs.,--,Orthodox,--,2.69,14%,5.37,50%,0.00,0%,0%,0.0
Sidney,Silva,http://ufcstats.com/fighter-details/a6c32678efd4f434,,8,4,0,"6' 3""",170 lbs.,--,Southpaw,"Feb 27, 1972",2.86,65%,3.30,34%,3.30,100%,0%,0.0
Jay,Silva,http://ufcstats.com/fighter-details/53bb0d40905b87c0,,10,11,1,"6' 2""",185 lbs.,--,Southpaw,--,1.13,34%,3.07,40%,0.00,0%,38%,1.0
Antonio,Silva,http://ufcstats.com/fighter-details/8349d55cdecd393a,Bigfoot,19,12,1,"6' 4""",264 lbs.,"82""",Orthodox,"Sep 14, 1979",2.89,45%,3.09,50%,0.82,29%,66%,0.8
Fabio,Silva,http://ufcstats.com/fighter-details/2ba479b409011527,,1,8,0,"5' 11""",205 lbs.,--,Orthodox,"Mar 31, 1982",0.09,11%,5.90,38%,0.00,0%,0%,0.0
Erick,Silva,http://ufcstats.com/fighter-details/5866fc86183a9fb8,,19,9,0 (1 NC),"6' 0""",170 lbs.,"74""",Orthodox,"Jun 21, 1984",2.50,48%,4.18,49%,0.85,35%,56%,1.4
Leandro,Silva,http://ufcstats.com/fighter-details/159da492e000afbf,Buscape,20,6,1 (1 NC),"5' 9""",155 lbs.,"72""",Orthodox,"Nov 11, 1985",2.39,48%,2.08,63%,1.76,37%,65%,0.4
Claudio,Silva,http://ufcstats.com/fighter-details/6f7c616b98e18c29,Hannibal,14,4,0,"5' 11""",170 lbs.,"71""",Southpaw,"Sep 06, 1982",2.48,42%,3.00,46%,2.85,26%,44%,1.1
Wagner,Silva,http://ufcstats.com/fighter-details/fb79582c410d049e,Wagnao,6,3,0,"6' 0""",170 lbs.,--,Orthodox,"Feb 07, 1987",1.69,29%,2.87,65%,0.00,0%,58%,0.0
Rafael,Silva,http://ufcstats.com/fighter-details/a31358d90d4bb40a,Morcego,28,6,0,"5' 7""",135 lbs.,--,,"Mar 20, 1985",0.67,50%,0.73,67%,0.00,0%,25%,1.0
Joaquim,Silva,http://ufcstats.com/fighter-details/ae7fe94f117f98cf,Netto BJJ,13,6,0,"5' 8""",155 lbs.,"69""",Southpaw,"Feb 05, 1989",3.66,43%,4.53,53%,0.39,50%,69%,0.8
Felipe,Silva,http://ufcstats.com/fighter-details/1b38a2b897f6209c,,8,2,0,"6' 0""",155 lbs.,"77""",Orthodox,"May 08, 1984",5.40,50%,1.80,59%,1.00,100%,71%,0.0
Dayana,Silva,http://ufcstats.com/fighter-details/b19aecbfbb5508cc,,7,4,0,"5' 7""",135 lbs.,--,Orthodox,"Aug 27, 1990",6.33,51%,5.93,57%,0.00,0%,42%,0.0
Bruno,Silva,http://ufcstats.com/fighter-details/294aa73dbf37d281,Bulldog,14,6,2 (1 NC),"5' 4""",125 lbs.,"65""",Orthodox,"Mar 16, 1990",3.54,49%,4.08,52%,1.92,25%,60%,0.2
Bruno,Silva,http://ufcstats.com/fighter-details/12ebd7d157e91701,Blindado,23,13,0,"6' 0""",185 lbs.,"74""",Orthodox,"Jul 13, 1989",3.86,48%,5.35,41%,0.77,22%,74%,0.0
Gabriel,Silva,http://ufcstats.com/fighter-details/002ca196477ce572,,8,2,0,"5' 6""",135 lbs.,"71""",Orthodox,"Aug 26, 1994",1.30,34%,3.47,45%,1.50,25%,38%,0.5
Jacob,Silva,http://ufcstats.com/fighter-details/f6f2ea21a67be3a7,Lil Animal,6,4,0,"5' 5""",125 lbs.,"67""",Orthodox,"Feb 23, 1988",4.17,44%,4.92,56%,1.51,100%,66%,0.0
Natalia,Silva,http://ufcstats.com/fighter-details/262d32ebda89efc4,,19,5,1,"5' 4""",125 lbs.,"65""",Southpaw,"Feb 03, 1997",5.04,46%,2.46,65%,0.34,25%,92%,0.0
Jansey,Silva,http://ufcstats.com/fighter-details/0d09efd31eb9fadf,Jones,7,2,0,"6' 2""",185 lbs.,"67""",Orthodox,"May 30, 1995",0.46,40%,2.32,33%,0.00,0%,0%,0.0
Maria,Silva,http://ufcstats.com/fighter-details/4408865b4e65e374,Viuva Negra,8,1,0,"5' 3""",115 lbs.,"64""",Orthodox,"Dec 19, 1995",3.00,57%,1.13,62%,2.00,100%,55%,0.5
Karine,Silva,http://ufcstats.com/fighter-details/9d62c2d8ee151f08,Killer,18,5,0,"5' 5""",125 lbs.,"67""",Orthodox,"Dec 02, 1993",3.04,38%,3.14,47%,2.79,50%,0%,1.9
Erik,Silva,http://ufcstats.com/fighter-details/21b813b919776d90,The King,9,3,0,"5' 9""",145 lbs.,"71""",Orthodox,"Mar 16, 1987",2.07,70%,1.57,40%,3.76,80%,62%,0.0
Janaina,Silva,http://ufcstats.com/fighter-details/4784a5b4a452464a,Jana-Iron-Hand,5,1,0,"5' 1""",115 lbs.,"60""",Orthodox,"Feb 16, 1992",0.00,0%,1.50,62%,0.00,0%,0%,0.0
Jhonata,Silva,http://ufcstats.com/fighter-details/4e33534d1e036444,,8,2,0,"5' 5""",125 lbs.,"66""",Orthodox,"Apr 24, 1997",4.86,52%,9.85,44%,0.00,0%,0%,0.0
Jean,Silva,http://ufcstats.com/fighter-details/52ef95b5860fb28c,Lord,16,2,0,"5' 7""",145 lbs.,"69""",Orthodox,"Dec 27, 1996",4.87,52%,4.13,56%,0.60,50%,86%,0.9
Danny,Silva,http://ufcstats.com/fighter-details/d964a59c48381cb6,El Puma,10,1,0,"5' 11""",145 lbs.,"70""",Switch,"Jan 30, 1997",7.36,59%,7.96,61%,2.33,46%,100%,0.3
Frank,Silva,http://ufcstats.com/fighter-details/79f60d34ad48d7a3,De Black,7,1,0,--,125 lbs.,--,,"Aug 25, 2004",0.00,0%,0.00,0%,0.00,0%,0%,0.0
Douglas,Silva de Andrade,http://ufcstats.com/fighter-details/3a314d9fa7c6825d,D Silva,29,6,0 (1 NC),"5' 7""",135 lbs.,"68""",Orthodox,"Jun 22, 1985",3.54,38%,3.93,57%,0.55,42%,72%,0.2
Leonardo,Silva de Oliveira,http://ufcstats.com/fighter-details/28e088bbcaaa6366,Cabecao,12,4,0,"6' 2""",185 lbs.,--,Orthodox,"Apr 23, 1992",1.07,40%,0.54,50%,24.11,50%,0%,0.0
Marcus,Silveira,http://ufcstats.com/fighter-details/f717b6002486f73f,Conan,6,4,0 (1 NC),"6' 3""",242 lbs.,--,Orthodox,--,0.00,0%,0.00,0%,0.00,0%,0%,0.0
Elias,Silverio,http://ufcstats.com/fighter-details/52ba464d9068d871,Xuxu,13,3,0,"5' 11""",155 lbs.,"73""",Orthodox,"Sep 22, 1986",3.67,49%,2.97,51%,1.62,38%,85%,0.2
Sim,Kai Xiong,http://ufcstats.com/fighter-details/79e2cb1e813f881b,Kobra,7,1,0,"5' 6""",135 lbs.,"67""",Orthodox,"Sep 06, 1997",3.19,63%,4.56,47%,6.84,28%,0%,0.0
Jamey,Simmons,http://ufcstats.com/fighter-details/f0fad0e9f3b65752,The Afro Samurai,7,4,0,"5' 6""",135 lbs.,"70""",Orthodox,"Sep 11, 1992",0.79,21%,1.92,74%,0.00,0%,50%,0.0
Ricky,Simon,http://ufcstats.com/fighter-details/5987b2458f4b5290,,21,6,0,"5' 6""",135 lbs.,"69""",Orthodox,"Aug 31, 1992",2.98,43%,3.87,61%,5.17,44%,75%,0.3
Aaron,Simpson,http://ufcstats.com/fighter-details/d5f820c11a121050,A-Train,12,5,0,"6' 0""",170 lbs.,"73""",Orthodox,"Jul 20, 1974",3.60,52%,2.53,56%,3.78,34%,83%,0.5
Wes,Sims,http://ufcstats.com/fighter-details/e0f7c4f3f67bc808,The Project,24,14,1 (2 NC),"6' 10""",260 lbs.,--,Orthodox,"Aug 04, 1979",0.98,51%,2.95,37%,0.00,0%,40%,2.3
Marlon,Sims,http://ufcstats.com/fighter-details/9eedac48b497de5a,,3,4,0,--,170 lbs.,--,,--,0.00,0%,0.00,0%,0.00,0%,0%,0.0
Tony,Sims,http://ufcstats.com/fighter-details/57bad6a84230f0c9,,12,4,0,"5' 11""",155 lbs.,"70""",Southpaw,"Oct 14, 1985",1.81,63%,0.76,65%,0.71,50%,50%,0.7
Everett,Sims,http://ufcstats.com/fighter-details/59c6d5af765df641,Sexual Chocolate,4,1,0,"6' 5""",260 lbs.,"77""",Southpaw,"Sep 04, 1988",0.81,66%,2.19,30%,0.00,0%,42%,1.2
Lodune,Sincaid,http://ufcstats.com/fighter-details/265589bdd93e7ce5,,15,9,0,"5' 9""",185 lbs.,--,Orthodox,"May 07, 1973",2.72,42%,6.17,57%,0.00,0%,75%,0.0
Rob,Sinclair,http://ufcstats.com/fighter-details/3b65c9dd39741bc4,,13,5,0,"5' 8""",155 lbs.,--,,"Feb 20, 1980",1.20,33%,1.73,73%,0.00,0%,50%,0.0
Rory,Singer,http://ufcstats.com/fighter-details/546015aa2ad945fd,Outburst,11,9,0,"6' 2""",185 lbs.,"77""",Orthodox,"May 28, 1976",2.55,39%,2.42,63%,0.39,25%,64%,0.8
Rana Rudra Pratap,Singh,http://ufcstats.com/fighter-details/254ed71756cfd18c,Ashwathama,11,2,0,"5' 10""",135 lbs.,"69""",Orthodox,"May 09, 1997",0.00,0%,9.05,27%,0.00,0%,0%,0.0
Kiran,Singh,http://ufcstats.com/fighter-details/f985ca2370a37078,Stubborn,7,4,0,"5' 1""",115 lbs.,"65""",Orthodox,"Jul 25, 2000",0.00,0%,19.51,23%,0.00,0%,0%,0.0
Elvis,Sinosic,http://ufcstats.com/fighter-details/817e0bdf08efce2e,The King of Rock n' Rumble,7,11,2,"6' 3""",205 lbs.,"77""",Orthodox,"Feb 13, 1971",1.13,37%,4.60,53%,0.00,0%,0%,1.2
Mitchell,Sipe,http://ufcstats.com/fighter-details/71ef1111bf829b82,No Dice,4,1,0,"6' 2""",245 lbs.,--,Orthodox,"Apr 09, 1996",5.50,56%,9.98,46%,1.53,20%,0%,0.0
Gian,Siqueira,http://ufcstats.com/fighter-details/a46fdda658fee832,Pitbull,19,5,0,"6' 1""",170 lbs.,"74""",Orthodox,"Jun 23, 1994",0.80,100%,3.41,19%,0.00,0%,0%,0.0
Jeremia,Siregar,http://ufcstats.com/fighter-details/a7ac3b1b0c4146db,The Teacher,6,3,0,"5' 2""",125 lbs.,"63""",Orthodox,"Jul 27, 1991",2.80,42%,7.37,29%,0.00,0%,75%,0.0
AJ,Siscoe,http://ufcstats.com/fighter-details/fce9b4056a8ef559,Let's Go,1,2,0,"5' 7""",135 lbs.,--,,--,0.00,0%,0.00,0%,0.00,0%,0%,0.0
Yokthai,Sithoar,http://ufcstats.com/fighter-details/436cdea7bdfdc016,,0,1,0,"5' 7""",143 lbs.,--,,"Dec 25, 1974",0.00,0%,0.00,0%,0.00,0%,0%,0.0
Jeri,Sitzes,http://ufcstats.com/fighter-details/44a1dd0ef4373edc,,3,1,0,"5' 5""",125 lbs.,--,,--,0.00,0%,0.00,0%,0.00,0%,0%,0.0
Dennis,Siver,http://ufcstats.com/fighter-details/5f87a5c00b3d17ed,,23,11,0 (1 NC),"5' 6""",145 lbs.,"70""",Orthodox,"Jan 13, 1979",3.87,32%,2.67,65%,0.87,32%,65%,0.3
Chas,Skelly,http://ufcstats.com/fighter-details/4bd6b4800070b069,The Scrapper,19,3,0 (1 NC),"5' 11""",145 lbs.,"72""",Orthodox,"May 11, 1985",2.01,40%,3.21,49%,1.74,34%,39%,2.3
Matt,Skelton,http://ufcstats.com/fighter-details/caced97768818230,,0,1,0,"6' 3""",265 lbs.,--,Orthodox,"Jan 23, 1967",0.00,0%,0.54,0%,0.00,0%,66%,0.0
Zach,Skinner,http://ufcstats.com/fighter-details/c337c3c85b1871e0,,10,11,0,"5' 6""",145 lbs.,--,Orthodox,--,0.53,50%,2.40,32%,5.00,27%,100%,1.0
Brian,Sleeman,http://ufcstats.com/fighter-details/9db861c26b63daa8,,9,9,1,"5' 8""",185 lbs.,--,,--,4.00,48%,1.85,70%,9.23,100%,100%,0.0
Joe,Slick,http://ufcstats.com/fighter-details/80e6d71e14c1d356,,16,5,3,"6' 0""",199 lbs.,--,Orthodox,"Oct 17, 1977",0.00,0%,0.00,0%,0.00,0%,0%,0.0
Ray,Sloan,http://ufcstats.com/fighter-details/a2d1d3d144fed708,,8,1,0,"6' 1""",205 lbs.,--,,"Jul 14, 1985",0.00,0%,0.00,0%,0.00,0%,0%,0.0
Kestutis,Smirnovas,http://ufcstats.com/fighter-details/1979c80150f630c4,,24,8,2,"5' 10""",200 lbs.,--,Orthodox,--,4.95,52%,5.05,54%,1.55,50%,100%,1.6
Maurice,Smith,http://ufcstats.com/fighter-details/33e33d51f289d2a1,,12,14,0,"6' 2""",221 lbs.,--,Orthodox,"Dec 13, 1961",0.41,46%,0.47,60%,0.89,50%,20%,0.9
Patrick,Smith,http://ufcstats.com/fighter-details/46c8ec317aff28ac,,20,17,0,"6' 2""",225 lbs.,--,Orthodox,"Aug 28, 1963",0.00,0%,0.00,0%,0.00,0%,0%,0.0
Scott,Smith,http://ufcstats.com/fighter-details/3410cf010558dc8b,Hands of Steel,18,11,0 (1 NC),"6' 0""",185 lbs.,"70""",Orthodox,"May 21, 1979",1.90,27%,5.87,50%,0.12,6%,58%,0.5
Eric,Smith,http://ufcstats.com/fighter-details/9114c8ded5ccd71d,,1,1,0,--,--,--,Southpaw,--,0.00,0%,0.00,0%,0.00,0%,0%,0.0
Josh,Smith,http://ufcstats.com/fighter-details/f626aa1c85f8af03,,9,8,0,"6' 0""",155 lbs.,--,Orthodox,"Jul 02, 1982",0.73,28%,1.40,54%,0.00,0%,57%,2.0
David,Smith,http://ufcstats.com/fighter-details/e955046551f8c7dd,,5,1,0,--,155 lbs.,--,,--,0.00,0%,0.00,0%,0.00,0%,0%,0.0
Adam,Smith,http://ufcstats.com/fighter-details/754968e325d6f60d,,0,3,0,--,--,--,,--,0.00,0%,0.00,0%,0.00,0%,0%,0.0
Dillon,Smith,http://ufcstats.com/fighter-details/ffee353f55e3aa2c,,0,0,0,"6' 0""",170 lbs.,--,,--,0.00,0%,0.00,0%,0.00,0%,0%,0.0
Trevor,Smith,http://ufcstats.com/fighter-details/f797f0c57a83353e,Hot Sauce,15,10,0,"6' 3""",185 lbs.,"75""",Orthodox,"Jan 05, 1981",3.29,55%,3.31,51%,1.70,32%,60%,0.7
Anthony,Smith,http://ufcstats.com/fighter-details/d4c9dcd330403612,Lionheart,38,22,0,"6' 4""",205 lbs.,"76""",Orthodox,"Jul 26, 1988",3.19,49%,5.04,44%,0.44,22%,50%,0.6
Colton,Smith,http://ufcstats.com/fighter-details/2e25c1d983c26311,,7,4,0,"6' 0""",155 lbs.,"71""",Orthodox,"Aug 14, 1987",1.64,41%,2.30,51%,4.09,36%,25%,1.4
Gilbert,Smith,http://ufcstats.com/fighter-details/54ed8dc6f8c31207,,12,6,0,"5' 9""",185 lbs.,--,Southpaw,"Oct 19, 1981",1.09,41%,2.73,35%,3.51,60%,0%,1.2
Leslie,Smith,http://ufcstats.com/fighter-details/76984112f697631f,The Peacemaker,10,7,1,"5' 9""",135 lbs.,"66""",Orthodox,"Aug 17, 1982",7.56,40%,8.41,51%,0.00,0%,62%,0.0
Devonte,Smith,http://ufcstats.com/fighter-details/207773daeb4afa7b,King Kage,11,4,0,"5' 9""",155 lbs.,"76""",Orthodox,"Jul 30, 1993",4.55,53%,3.91,49%,0.35,25%,85%,0.3
Cole,Smith,http://ufcstats.com/fighter-details/56709e66f1c6008f,The Cole Train,7,2,0,"5' 11""",135 lbs.,"67""",Orthodox,"Apr 05, 1989",1.78,35%,1.96,49%,1.67,33%,45%,1.7
Nate,Smith,http://ufcstats.com/fighter-details/0bbb69f69c9a2eea,The Savage,6,1,0,"5' 6""",125 lbs.,"69""",Switch,"Apr 09, 1995",1.28,38%,2.04,35%,0.00,0%,33%,2.3
Braxton,Smith,http://ufcstats.com/fighter-details/eaa9402e5a7990ad,The Beautiful Monster,5,2,0,"5' 11""",257 lbs.,"72""",Orthodox,"Jan 01, 1990",6.46,48%,11.54,32%,0.00,0%,100%,0.0
Elijah,Smith,http://ufcstats.com/fighter-details/7478b7f959ba61f5,Swift,8,1,0,"5' 9""",135 lbs.,"71""",Orthodox,"Sep 05, 2002",3.83,41%,3.87,47%,4.00,53%,66%,1.0
Jacobe,Smith,http://ufcstats.com/fighter-details/85497ffd934ecf7e,Cobe,10,0,0,"5' 10""",170 lbs.,"72""",Southpaw,"Jan 17, 1996",7.34,70%,1.97,52%,11.50,87%,0%,0.0
Walter,Smith-Cotito,http://ufcstats.com/fighter-details/625b65b45c1c6888,,4,5,0 (1 NC),"5' 8""",135 lbs.,--,,--,2.95,36%,3.53,68%,2.16,33%,57%,0.0
Justin,Smitley,http://ufcstats.com/fighter-details/c5776fa8f4bf77aa,,10,7,1,--,145 lbs.,--,,--,0.00,0%,0.00,0%,0.00,0%,0%,0.0
Dmitrii,Smoliakov,http://ufcstats.com/fighter-details/75afb06215a07341,The Lifeguard,9,3,0,"6' 2""",253 lbs.,"74""",Switch,"Aug 05, 1982",1.44,42%,3.81,55%,0.00,0%,75%,0.0
Louis,Smolka,http://ufcstats.com/fighter-details/d2bc285ead803db0,Da Last Samurai,17,9,0,"5' 9""",135 lbs.,"68""",Orthodox,"Jul 16, 1991",4.67,47%,4.11,53%,1.69,35%,32%,1.8
Cameron,Smotherman,http://ufcstats.com/fighter-details/5c84f673b7bb7c15,The Baby-Faced Killa,12,5,0,"5' 9""",135 lbs.,"69""",Orthodox,"Sep 17, 1997",5.10,39%,4.13,59%,0.00,0%,57%,0.0
Shimon,Smotritsky,http://ufcstats.com/fighter-details/1b0491ef0f9c965e,The Assassin,8,2,0,"6' 2""",170 lbs.,"74""",Orthodox,"Aug 22, 2000",3.52,34%,8.67,56%,3.52,33%,50%,0.0
Richie,Smullen,http://ufcstats.com/fighter-details/f75c5ca0d91b9115,,3,1,1,"5' 9""",155 lbs.,"68""",Orthodox,"Aug 17, 1991",1.98,77%,2.26,65%,8.49,66%,0%,0.0
Devin,Smyth,http://ufcstats.com/fighter-details/7684c8137b4545ba,,4,2,0,"5' 10""",170 lbs.,"72""",Switch,"Jul 21, 1995",2.60,68%,6.73,25%,4.00,26%,100%,0.0
Denis,Sobolev,http://ufcstats.com/fighter-details/03b1e846b09f721d,,4,7,0,"6' 3""",216 lbs.,--,Orthodox,--,0.00,0%,5.45,33%,0.00,0%,0%,0.0
Peter,Sobotta,http://ufcstats.com/fighter-details/1fcfc3709fe58151,,17,7,1,"6' 0""",170 lbs.,"75""",Southpaw,"Jan 11, 1987",2.14,40%,2.90,58%,1.53,32%,77%,0.5
Renato,Sobral,http://ufcstats.com/fighter-details/d468288756ae3982,Babalu,37,11,0,"6' 1""",205 lbs.,"75""",Orthodox,"Sep 07, 1975",2.23,45%,1.53,57%,2.48,42%,65%,2.6
Rameau Thierry,Sokoudjou,http://ufcstats.com/fighter-details/d1152823307d7e7c,The African Assassin,18,18,0,"5' 10""",205 lbs.,"78""",Orthodox,"Apr 18, 1984",2.26,45%,2.61,56%,1.93,47%,78%,0.9
Alexander,Soldatkin,http://ufcstats.com/fighter-details/f1451d605bad178e,,14,4,0,"6' 2""",250 lbs.,"75""",Orthodox,"Jun 10, 1993",1.16,60%,1.35,26%,1.45,50%,50%,0.0
Joe,Solecki,http://ufcstats.com/fighter-details/af65aa688d13eedf,,13,6,0,"5' 9""",155 lbs.,"70""",Orthodox,"Aug 27, 1993",1.97,53%,1.85,50%,2.06,48%,14%,1.4
Chris,Solomon,http://ufcstats.com/fighter-details/324c7a749128df8d,,0,0,0,"5' 11""",155 lbs.,--,,--,0.00,0%,2.80,37%,0.00,0%,33%,0.0
Joe,Son,http://ufcstats.com/fighter-details/83b743fedde154fb,,0,4,0,"5' 4""",236 lbs.,--,Orthodox,"Nov 22, 1970",0.00,0%,0.00,0%,0.00,0%,0%,0.0
Paul,Song,http://ufcstats.com/fighter-details/9775eabcb1be1a00,,2,2,0,--,185 lbs.,--,,--,0.00,0%,0.00,0%,0.00,0%,0%,0.0
Song,Kenan,http://ufcstats.com/fighter-details/32490e80ddab1e5a,The Assassin,22,9,0,"6' 0""",170 lbs.,"71""",Orthodox,"Mar 10, 1990",4.49,46%,5.82,51%,0.42,30%,73%,0.0
Song,Yadong,http://ufcstats.com/fighter-details/efb96bf3e9ada36f,Kung Fu Kid,22,8,1 (1 NC),"5' 8""",135 lbs.,"67""",Orthodox,"Dec 02, 1997",4.58,43%,4.00,55%,0.61,38%,73%,0.1
YoungJae,Song,http://ufcstats.com/fighter-details/0efb0d4ebb950fcb,Super Rookie,6,1,1,"5' 7""",145 lbs.,"70""",Orthodox,"Jan 03, 1996",3.33,58%,2.33,55%,0.00,0%,45%,0.0
Hyeonjong,Song,http://ufcstats.com/fighter-details/c5dc1bf9b78f262c,,8,1,0,--,135 lbs.,--,,"Apr 23, 2002",0.00,0%,0.00,0%,0.00,0%,0%,0.0
Emrah,Sonmez,http://ufcstats.com/fighter-details/fe759b24e344d7eb,Anatolian Wolf,14,5,0,"5' 10""",145 lbs.,"71""",Orthodox,"Jun 26, 1992",1.47,46%,1.73,48%,5.00,21%,0%,0.0
Chael,Sonnen,http://ufcstats.com/fighter-details/48d1f690b763934c,,29,15,1,"6' 1""",205 lbs.,"73""",Southpaw,"Apr 03, 1977",3.08,43%,1.10,62%,3.81,59%,66%,0.4
Cody,Sons,http://ufcstats.com/fighter-details/3324129f3745b300,,3,7,0,"5' 9""",205 lbs.,--,,--,0.00,0%,0.00,0%,0.00,0%,0%,0.0
Jin,Soo Son,http://ufcstats.com/fighter-details/7c9c6a884be167fe,,9,4,0,"5' 6""",135 lbs.,"69""",Orthodox,"Apr 01, 1993",5.10,36%,7.63,52%,1.50,25%,100%,0.0
Benardo,Sopaj,http://ufcstats.com/fighter-details/b6c37948cb226e8c,Lion King,12,3,0,"5' 6""",135 lbs.,"66""",Orthodox,"Sep 25, 2000",4.24,56%,4.88,49%,2.53,71%,76%,0.0
Emiliano,Sordi,http://ufcstats.com/fighter-details/4c9b84d559822830,He-Man,16,7,0,"6' 2""",205 lbs.,--,Orthodox,"Feb 15, 1991",4.79,50%,4.79,48%,0.00,0%,100%,8.3
Sean,Soriano,http://ufcstats.com/fighter-details/bd5403efbaa445c0,,14,8,0,"5' 9""",145 lbs.,"70""",Orthodox,"Oct 06, 1989",3.18,61%,2.14,56%,1.33,55%,52%,0.0
Punahele,Soriano,http://ufcstats.com/fighter-details/64facb6cc564262d,Puna,11,4,0,"5' 11""",170 lbs.,"72""",Southpaw,"Nov 22, 1992",5.00,53%,3.88,48%,1.47,56%,37%,0.0
Dmitry,Sosnovskiy,http://ufcstats.com/fighter-details/85ff1b9471d35238,Wicked Machine,11,0,0,"6' 3""",240 lbs.,"77""",Orthodox,"Jul 06, 1989",2.95,70%,2.53,35%,3.16,66%,100%,3.2
Ben,Sosoli,http://ufcstats.com/fighter-details/326f94d6cfb1bf25,Combat Wombat,7,3,0 (2 NC),"6' 0""",265 lbs.,"72""",Southpaw,"Dec 10, 1989",2.31,31%,4.30,47%,0.00,0%,0%,0.0
Krzysztof,Soszynski,http://ufcstats.com/fighter-details/59583ff832fe9d68,The Polish Experiment,26,12,1,"6' 1""",205 lbs.,"77""",Open Stance,"Aug 02, 1977",3.37,39%,3.13,58%,0.52,25%,71%,1.0
George,Sotiropoulos,http://ufcstats.com/fighter-details/896c322f56b8be5a,,14,7,0,"5' 10""",155 lbs.,"71""",Orthodox,"Jul 09, 1977",2.61,27%,2.52,67%,2.32,31%,53%,1.6
Greg,Soto,http://ufcstats.com/fighter-details/9c669abd35b2522f,,9,4,0,"5' 11""",170 lbs.,"73""",Orthodox,"Jun 03, 1986",3.21,63%,2.61,52%,1.49,27%,44%,1.0
Alex,Soto,http://ufcstats.com/fighter-details/d18dbcb0f8e2b55d,Extremo,8,3,1,"5' 8""",135 lbs.,--,Southpaw,"Feb 15, 1984",2.95,25%,5.02,59%,2.82,30%,0%,0.0
Joe,Soto,http://ufcstats.com/fighter-details/a4e85a58fbce64b2,One Bad Mofo,18,7,0,"5' 6""",135 lbs.,"65""",Orthodox,"Mar 22, 1987",3.36,41%,5.37,67%,0.85,21%,70%,1.9
Mario,Soto,http://ufcstats.com/fighter-details/cac3aaa66c20bee1,Dr. Mario,7,2,0,"6' 0""",145 lbs.,--,,--,1.43,23%,5.23,42%,0.00,0%,0%,0.0
Andre,Soukhamthath,http://ufcstats.com/fighter-details/d0e50a3d1b250708,The Asian Sensation,13,8,0,"5' 9""",135 lbs.,"70""",Orthodox,"Oct 23, 1988",2.77,44%,4.31,49%,1.25,53%,58%,0.2
Mario,Sousa,http://ufcstats.com/fighter-details/72782745eb47161a,Coracao Valente,15,3,0,"6' 3""",185 lbs.,"79""",Orthodox,"Oct 20, 1996",2.82,50%,2.99,28%,0.52,25%,37%,0.5
Manoel,Sousa,http://ufcstats.com/fighter-details/5870c541798124ae,Manumito,12,1,0,--,155 lbs.,--,,"Jun 04, 1997",0.00,0%,0.00,0%,0.00,0%,0%,0.0
Bobby,Southworth,http://ufcstats.com/fighter-details/aee8eecfc4bfb1e7,,10,6,0 (1 NC),"6' 2""",205 lbs.,--,Orthodox,"Dec 16, 1969",0.99,39%,1.38,65%,3.98,78%,64%,1.3
Jacare,Souza,http://ufcstats.com/fighter-details/7a703c565ccaa18f,,26,10,0 (1 NC),"6' 1""",185 lbs.,"72""",Orthodox,"Dec 07, 1979",2.53,47%,2.83,62%,2.57,39%,57%,1.3
Edimilson,Souza,http://ufcstats.com/fighter-details/6c7020b859c7a3ce,Kevin,15,5,0,"6' 0""",145 lbs.,"74""",Orthodox,"Oct 17, 1984",4.65,44%,2.91,58%,0.00,0%,50%,0.0
Livinha,Souza,http://ufcstats.com/fighter-details/dab8cfbb6b1db10a,The Brazilian Gangsta,14,4,0,"5' 3""",115 lbs.,"63""",Orthodox,"Mar 11, 1991",1.75,45%,3.60,56%,2.54,45%,40%,1.4
Bruno,Souza,http://ufcstats.com/fighter-details/0e5c4e72237461bb,The Tiger,10,3,0,"5' 10""",145 lbs.,"70""",Orthodox,"Mar 07, 1996",3.73,39%,5.30,45%,0.50,16%,60%,0.0
Ketlen,Souza,http://ufcstats.com/fighter-details/8bd4200561c77a62,Esquentadinha,15,5,0,"5' 3""",115 lbs.,"63""",Orthodox,"Aug 18, 1994",4.92,59%,4.46,51%,0.43,25%,64%,0.4
Heraldo,Souza,http://ufcstats.com/fighter-details/22b43be04d7454d0,Savage,9,2,1,"5' 11""",185 lbs.,"73""",Orthodox,"Dec 15, 1994",1.62,33%,1.62,50%,0.00,0%,0%,0.0
Charon,Spain,http://ufcstats.com/fighter-details/c278e8843b8abfec,,14,26,0,"5' 9""",155 lbs.,--,,"Mar 11, 1988",0.00,0%,0.00,0%,0.00,0%,0%,0.0
Chris,Spang,http://ufcstats.com/fighter-details/411d012af19ecb59,The Kiss,6,3,0,"6' 2""",170 lbs.,--,Orthodox,"Nov 26, 1987",1.83,36%,1.95,60%,0.00,0%,50%,0.9
Andreas,Spang,http://ufcstats.com/fighter-details/b9eb5b4ed07d1525,Sweet Swede,9,3,0,"6' 1""",185 lbs.,--,,"Nov 07, 1978",0.00,0%,0.00,0%,0.00,0%,0%,0.0
Ryan,Spann,http://ufcstats.com/fighter-details/a67f5afa8d6a1b80,Superman,22,11,0,"6' 5""",205 lbs.,"79""",Orthodox,"Aug 24, 1991",3.20,39%,4.21,43%,1.17,31%,52%,1.5
Ron,Sparks,http://ufcstats.com/fighter-details/743fd9080892501d,The Monster,8,3,0,"6' 5""",265 lbs.,--,,--,0.00,0%,0.00,0%,0.00,0%,0%,0.0
Tommy,Speer,http://ufcstats.com/fighter-details/1411c630ba711b64,,21,7,0,"5' 10""",170 lbs.,"71""",Orthodox,"Aug 20, 1984",2.56,51%,5.12,35%,2.02,33%,33%,0.0
Patrick,Speight,http://ufcstats.com/fighter-details/ae4650eb56ab6a11,,7,3,0,"6' 1""",170 lbs.,--,Orthodox,--,0.00,0%,0.00,0%,0.00,0%,0%,0.0
Sean,Spencer,http://ufcstats.com/fighter-details/ab850a77a0fa487d,Black Magic,12,6,0,"5' 10""",170 lbs.,"74""",Orthodox,"Jun 25, 1987",4.24,32%,4.02,60%,0.14,33%,68%,0.0
Felicia,Spencer,http://ufcstats.com/fighter-details/39d91e95949de3d9,FeeNom,9,3,0,"5' 6""",145 lbs.,"68""",Orthodox,"Nov 29, 1990",3.21,48%,4.54,45%,1.18,18%,27%,0.2
Sam,Spengler,http://ufcstats.com/fighter-details/221b2a3070c7ce3e,The Ram,9,5,0,"5' 11""",185 lbs.,--,Orthodox,--,3.27,62%,3.27,54%,1.75,11%,75%,1.8
Nick,Sperling,http://ufcstats.com/fighter-details/7d68f3bec89e08ec,,3,4,0,--,135 lbs.,--,,--,1.40,25%,1.40,66%,0.00,0%,0%,0.0
Mario,Sperry,http://ufcstats.com/fighter-details/5f2197acaba7d5ef,Zen Machine,13,4,0,"6' 2""",205 lbs.,--,Orthodox,"Sep 28, 1966",2.81,52%,1.53,47%,2.09,42%,71%,1.4
Eric,Spicely,http://ufcstats.com/fighter-details/b9664eae2ac75262,Zebrinha,12,6,0,"6' 1""",185 lbs.,"73""",Orthodox,"Sep 29, 1986",3.71,45%,5.72,55%,1.31,20%,75%,1.0
Waachiim,Spiritwolf,http://ufcstats.com/fighter-details/71caa995674203aa,Native Warrior,12,13,1 (2 NC),"5' 8""",170 lbs.,--,,--,10.00,100%,10.00,0%,0.00,0%,0%,0.0
Daniel,Spitz,http://ufcstats.com/fighter-details/f86cb5f25d545e0e,,6,3,0,"6' 7""",245 lbs.,"82""",Orthodox,"Jul 31, 1990",2.60,35%,5.30,46%,0.74,66%,0%,0.0
Serghei,Spivac,http://ufcstats.com/fighter-details/e2f6b2769aaedd6c,Polar Bear,17,5,0,"6' 3""",260 lbs.,"78""",Orthodox,"Jan 24, 1995",3.49,49%,3.77,48%,4.56,65%,63%,0.6
Daniel,Spohn,http://ufcstats.com/fighter-details/87f3bbf52e6c9dc9,Dragon,15,6,0,"6' 4""",205 lbs.,"79""",Southpaw,"Oct 12, 1984",2.42,49%,1.60,53%,0.00,0%,28%,2.5
Pete,Spratt,http://ufcstats.com/fighter-details/c3ea8deeba00462b,The Secret Weapon,25,23,0,"5' 9""",170 lbs.,--,Orthodox,"Jan 09, 1971",1.63,48%,1.33,55%,0.30,100%,46%,0.3
Austin,Springer,http://ufcstats.com/fighter-details/37cc294027f55e4d,,12,4,0,"5' 8""",145 lbs.,"71""",Orthodox,"May 12, 1987",3.54,57%,3.15,41%,3.37,40%,100%,0.8
Georges,St-Pierre,http://ufcstats.com/fighter-details/6506c1d34da9c013,Rush,26,2,0,"5' 11""",185 lbs.,"76""",Orthodox,"May 19, 1981",3.78,53%,1.40,72%,4.16,74%,83%,1.1
Bobby,Stack,http://ufcstats.com/fighter-details/6436029b50a9c255,,8,3,0,"5' 9""",155 lbs.,--,Orthodox,--,1.00,20%,2.89,34%,7.48,45%,100%,0.0
Andreas,Stahl,http://ufcstats.com/fighter-details/69a400af4420cd6a,Real Steel,10,4,0,"5' 11""",170 lbs.,--,Orthodox,"May 20, 1988",2.83,37%,4.74,57%,1.55,66%,80%,0.0
Ron,Stallings,http://ufcstats.com/fighter-details/6dd758d34da8d254,The Choir Boy,14,8,0 (1 NC),"6' 2""",170 lbs.,"75""",Southpaw,"Jan 25, 1983",3.22,60%,3.26,51%,0.00,0%,71%,0.0
Cody,Stamann,http://ufcstats.com/fighter-details/bf7ad5628363eec9,The Spartan,21,8,1,"5' 6""",135 lbs.,"64""",Orthodox,"Nov 09, 1989",4.32,46%,3.91,60%,2.17,37%,76%,0.0
Cristina,Stanciu,http://ufcstats.com/fighter-details/175852708cb55776,Barbie,5,2,0,"5' 3""",115 lbs.,--,Orthodox,"Mar 29, 1994",2.50,50%,3.07,52%,0.85,100%,40%,1.7
Brian,Stann,http://ufcstats.com/fighter-details/579fcdfcabd23a7b,All American,12,6,0,"6' 1""",205 lbs.,"74""",Orthodox,"Sep 24, 1980",3.28,42%,2.65,59%,0.12,12%,60%,0.3
Josh,Stansbury,http://ufcstats.com/fighter-details/30ea504870f8597b,The Sandman,4,8,0,"6' 2""",205 lbs.,"74""",Orthodox,"Nov 19, 1984",3.22,54%,3.54,54%,0.00,0%,87%,1.0
Dion,Staring,http://ufcstats.com/fighter-details/289a57039d742bfe,Soldier,35,14,0,"6' 1""",235 lbs.,--,Orthodox,"Jun 09, 1978",1.09,37%,5.00,47%,0.00,0%,33%,0.0
Lucas,Stark,http://ufcstats.com/fighter-details/93e4754d0984c82f,,1,5,0,--,155 lbs.,--,,--,1.60,25%,3.20,66%,12.00,100%,0%,0.0
Clifford,Starks,http://ufcstats.com/fighter-details/5abf827d62f98fee,,13,3,0,"6' 0""",185 lbs.,"78""",Orthodox,"Apr 25, 1981",1.94,33%,2.49,58%,1.94,100%,60%,0.0
Kalib,Starnes,http://ufcstats.com/fighter-details/c8136ab8aa32c974,,17,11,1,"6' 3""",185 lbs.,"74""",Orthodox,"Jan 06, 1975",2.71,48%,4.43,53%,1.46,33%,25%,0.6
Laureano,Staropoli,http://ufcstats.com/fighter-details/a12a8314adc1c1c9,Pepi,9,5,0,"6' 1""",185 lbs.,"71""",Orthodox,"Feb 27, 1993",3.31,34%,3.73,54%,0.83,26%,48%,0.0
Damian,Stasiak,http://ufcstats.com/fighter-details/42a7e90605df3c8a,Webster,10,6,0,"5' 5""",135 lbs.,"70""",Orthodox,"Feb 20, 1990",1.86,36%,3.10,52%,2.64,35%,43%,0.6
Adam,Steele,http://ufcstats.com/fighter-details/16044bd8762cf794,,0,1,0,--,170 lbs.,--,,--,0.00,0%,0.00,0%,0.00,0%,0%,0.0
Dominique,Steele,http://ufcstats.com/fighter-details/68c11c27d4d56572,Non-Stop Action-Packed,14,9,0,"5' 10""",170 lbs.,"74""",Orthodox,"Jan 27, 1988",2.32,49%,2.42,50%,2.95,42%,76%,0.0
Ricky,Steele,http://ufcstats.com/fighter-details/09a6ed4ee97a5606,The Karate Kid,6,0,0,"5' 9""",135 lbs.,"74""",Orthodox,"May 26, 1988",4.07,70%,2.93,50%,0.00,0%,91%,0.0
Kody,Steele,http://ufcstats.com/fighter-details/aebaa8cec15b083d,,7,1,0,"5' 9""",155 lbs.,"71""",Orthodox,"Apr 21, 1995",4.44,32%,7.17,52%,0.62,14%,100%,0.0
Eric,Steenberg,http://ufcstats.com/fighter-details/377bc9dc0b2745f9,,5,1,0,--,155 lbs.,--,,"Jun 22, 1983",0.00,0%,0.00,0%,0.00,0%,0%,0.0
Steve,Steinbeiss,http://ufcstats.com/fighter-details/0b5b6876c2a4723f,The Hooligan,9,4,0,"6' 3""",185 lbs.,"75""",Orthodox,"May 05, 1981",3.92,55%,1.86,49%,0.44,50%,58%,0.0
Ray,Steinbeiss,http://ufcstats.com/fighter-details/6000b5ae6c462142,Ipswitch Cobra,14,7,0,"5' 11""",170 lbs.,--,Orthodox,"Sep 12, 1979",0.00,0%,0.00,100%,0.00,0%,0%,0.0
Dmitri,Stepanov,http://ufcstats.com/fighter-details/738acab0c6934dd8,,0,1,0,"6' 3""",217 lbs.,--,Orthodox,--,0.00,0%,0.00,0%,0.00,0%,0%,0.0
Jeremy,Stephens,http://ufcstats.com/fighter-details/18968f97ad34f15c,Lil' Heathen,28,20,0 (1 NC),"5' 9""",155 lbs.,"71""",Orthodox,"May 25, 1986",3.15,40%,3.14,58%,1.11,38%,62%,0.4
Aljamain,Sterling,http://ufcstats.com/fighter-details/cb696ebfb6598724,Funk Master,24,5,0,"5' 7""",145 lbs.,"71""",Orthodox,"Jul 31, 1989",4.41,52%,2.21,58%,2.51,29%,42%,0.7
Marc,Stevens,http://ufcstats.com/fighter-details/310c4d4b2b32796b,,21,10,0,"5' 9""",155 lbs.,--,,--,0.45,26%,1.79,46%,0.00,0%,0%,0.0
Joe,Stevenson,http://ufcstats.com/fighter-details/79899ecf62020f6d,Daddy,33,16,0,"5' 7""",145 lbs.,"70""",Orthodox,"Jun 15, 1982",2.05,44%,2.44,60%,2.75,44%,39%,2.2
Maia,Stevenson,http://ufcstats.com/fighter-details/2fee10d5cf86bfca,,6,5,0,"5' 4""",115 lbs.,"62""",Orthodox,"Mar 19, 1982",1.57,54%,3.13,33%,3.91,100%,50%,0.0
Luke,Stewart,http://ufcstats.com/fighter-details/27b1a406ac171b19,,6,3,0,"5' 11""",170 lbs.,--,Orthodox,--,3.75,56%,2.34,53%,3.75,33%,50%,1.9
Darren,Stewart,http://ufcstats.com/fighter-details/a17ad5a5048e8c3f,The Dentist,12,8,0 (2 NC),"6' 0""",205 lbs.,"74""",Orthodox,"Dec 30, 1990",3.05,45%,3.29,48%,1.75,45%,67%,0.1
Kyle,Stewart,http://ufcstats.com/fighter-details/bb61823f76361297,Gunz Up,11,3,0,"6' 0""",170 lbs.,"76""",Orthodox,"Jan 31, 1989",1.41,35%,2.42,43%,1.32,20%,60%,0.0
Alex,Stiebling,http://ufcstats.com/fighter-details/df5a77121ba84a5d,The Brazilian Killa,19,11,1 (1 NC),"6' 2""",205 lbs.,--,Southpaw,--,1.77,42%,1.45,52%,0.35,66%,66%,0.7
Tyler,Stinson,http://ufcstats.com/fighter-details/2cf520143e76cd2e,The Evolution,30,10,0,"6' 3""",170 lbs.,--,,"Jan 17, 1986",2.80,23%,4.60,56%,0.50,100%,0%,0.5
Navajo,Stirling,http://ufcstats.com/fighter-details/b4b496ec2197ee3e,,7,0,0,"6' 4""",205 lbs.,"79""",Orthodox,"Nov 07, 1997",6.43,52%,2.49,61%,1.20,30%,78%,0.0
Dan,Stittgen,http://ufcstats.com/fighter-details/cc3147b49c7d7d92,The Anvil,12,5,0,"6' 1""",170 lbs.,--,Orthodox,"Nov 17, 1980",2.97,46%,4.42,37%,0.78,100%,100%,0.0
Lazar,Stojadinovic,http://ufcstats.com/fighter-details/4d25497994da569c,The Bronx Bomber,12,5,0,"5' 7""",145 lbs.,"68""",Southpaw,"Mar 22, 1989",1.82,29%,1.97,59%,0.00,0%,0%,0.0
Denis,Stojnic,http://ufcstats.com/fighter-details/a421465acbe59c77,,13,3,0 (1 NC),"6' 0""",245 lbs.,--,Orthodox,"Feb 02, 1980",1.51,23%,6.06,36%,0.00,0%,80%,1.0
Julija,Stoliarenko,http://ufcstats.com/fighter-details/a78a87d8c2bbb1cb,,11,9,2,"5' 7""",125 lbs.,"66""",Orthodox,"Apr 08, 1993",2.49,39%,4.54,46%,0.93,27%,54%,1.7
Dustin,Stoltzfus,http://ufcstats.com/fighter-details/71505842fb6455c3,,16,7,0,"6' 0""",185 lbs.,"75""",Orthodox,"Nov 15, 1991",3.14,45%,3.14,47%,2.26,41%,46%,1.3
Niklas,Stolze,http://ufcstats.com/fighter-details/62f7097c04311193,Green Mask,12,6,0,"6' 1""",155 lbs.,"74""",Switch,"Dec 28, 1992",2.12,48%,2.25,49%,0.66,100%,55%,0.7
Ken,Stone,http://ufcstats.com/fighter-details/fbf0947399d14323,,11,4,0,"5' 8""",135 lbs.,"71""",Southpaw,"Oct 08, 1982",3.85,49%,2.90,48%,1.24,33%,60%,0.6
Ryan,Stonitsch,http://ufcstats.com/fighter-details/8d477c3fbe001f9d,,8,1,0,"5' 9""",170 lbs.,--,Southpaw,"Feb 03, 1977",2.53,36%,2.53,71%,0.00,0%,0%,0.0
George,Stork,http://ufcstats.com/fighter-details/61dd409cb40d1a55,,7,9,0,"5' 10""",185 lbs.,--,,--,0.00,0%,0.00,0%,0.00,0%,0%,0.0
Rick,Story,http://ufcstats.com/fighter-details/5b5307450405abf0,The Horror,19,9,0,"5' 9""",170 lbs.,"71""",Southpaw,"Aug 28, 1984",3.80,41%,2.17,62%,2.53,48%,63%,0.9
Darko,Stosic,http://ufcstats.com/fighter-details/025f0b1b58fbad01,,13,4,0,"6' 0""",205 lbs.,"76""",Orthodox,"Feb 09, 1992",2.61,45%,4.04,58%,3.42,50%,83%,0.0
Greg,Stott,http://ufcstats.com/fighter-details/91181b29be041f1c,Ranger,0,1,0,"5' 7""",220 lbs.,--,Southpaw,--,0.00,0%,0.00,0%,0.00,0%,0%,0.0
Curtis,Stout,http://ufcstats.com/fighter-details/e09dbbd5fe3f0fe2,,11,12,1,"6' 1""",185 lbs.,--,Southpaw,"Nov 07, 1973",0.69,67%,3.20,29%,0.00,0%,20%,0.0
Sam,Stout,http://ufcstats.com/fighter-details/501b07aec9b8fc2d,Hands of Stone,20,12,1,"5' 9""",155 lbs.,"70""",Orthodox,"Apr 23, 1984",4.17,28%,4.08,57%,0.63,38%,77%,0.1
Tim,Stout,http://ufcstats.com/fighter-details/e1a4568fec1fc24f,,12,10,0,"5' 11""",185 lbs.,--,,"Feb 09, 1979",0.00,0%,0.00,0%,0.00,0%,0%,0.0
Jesse,Strader,http://ufcstats.com/fighter-details/8c39367b53eadf8a,Sui Generis,5,3,0,"5' 7""",135 lbs.,"70""",Orthodox,"May 29, 1991",5.03,51%,5.28,47%,3.87,57%,100%,0.0
Gennaro,Strangis,http://ufcstats.com/fighter-details/495add4fbede0a44,,0,1,0,--,--,--,,--,0.00,0%,0.00,0%,0.00,0%,0%,0.0
Dave,Strasser,http://ufcstats.com/fighter-details/980b4e712489098e,,25,8,0,"5' 10""",170 lbs.,--,Orthodox,"Jul 13, 1969",3.04,45%,1.88,59%,0.72,33%,33%,0.0
Daniel,Straus,http://ufcstats.com/fighter-details/15347cd4cdf01b03,,24,7,0 (1 NC),"5' 7""",145 lbs.,"71""",,"Jul 27, 1984",4.76,43%,2.99,57%,0.84,15%,81%,1.1
Gerald,Strebendt,http://ufcstats.com/fighter-details/04f9fe830cf13482,The Finishing Machine,9,7,0,"5' 9""",155 lbs.,--,Orthodox,"Mar 01, 1979",0.00,0%,4.00,38%,0.00,0%,0%,16.4
Sean,Strickland,http://ufcstats.com/fighter-details/0d8011111be000b2,,29,7,0,"6' 1""",185 lbs.,"76""",Orthodox,"Feb 27, 1991",5.95,42%,4.57,60%,0.73,64%,76%,0.2
Mark,Striegl,http://ufcstats.com/fighter-details/ef1182eb28c17d4e,Mugen,18,4,0 (1 NC),"5' 8""",145 lbs.,"70""",Southpaw,"Jun 23, 1988",1.40,45%,4.07,40%,0.00,0%,66%,0.0
Hans,Stringer,http://ufcstats.com/fighter-details/523f6ad11dbe9b53,,22,8,3,"6' 3""",205 lbs.,--,Orthodox,"Jul 06, 1987",3.16,61%,2.84,41%,2.40,36%,62%,0.0
Stefan,Struve,http://ufcstats.com/fighter-details/ebc1f40e00e0c481,Skyscraper,33,13,0,"6' 11""",265 lbs.,"84""",Orthodox,"Feb 18, 1988",3.12,47%,4.04,46%,0.56,46%,55%,1.7
Josh,Stuart,http://ufcstats.com/fighter-details/601cf40c09090853,,1,4,0,"5' 9""",160 lbs.,--,,--,0.00,0%,0.00,0%,0.00,0%,0%,0.0
Mike,Stumpf,http://ufcstats.com/fighter-details/c0c36a5b3d5bbdd5,,11,4,0,"5' 10""",170 lbs.,--,,"Aug 01, 1986",3.34,43%,8.85,47%,1.59,25%,33%,0.8
Kyle,Sturgeon,http://ufcstats.com/fighter-details/d30415ec5e8783cd,,0,1,0,"6' 3""",225 lbs.,--,Switch,--,0.00,0%,0.00,0%,0.00,0%,0%,0.0
Tatiana,Suarez,http://ufcstats.com/fighter-details/b08012bbe542592a,,11,1,0,"5' 5""",115 lbs.,"66""",Southpaw,"Dec 19, 1990",3.22,61%,1.58,47%,4.65,47%,80%,0.7
Masanori,Suda,http://ufcstats.com/fighter-details/3a7513372f79c8c8,,22,11,3,"5' 9""",183 lbs.,--,Orthodox,--,1.80,50%,1.20,63%,0.00,0%,60%,0.0
Genki,Sudo,http://ufcstats.com/fighter-details/99dd0147dc4ef80c,Neo-Samurai,15,4,2,"5' 9""",155 lbs.,--,Orthodox,"Mar 08, 1978",1.55,39%,2.23,33%,3.58,60%,50%,4.2
Lucasz,Sudolski,http://ufcstats.com/fighter-details/b160e4f251283d70,,8,1,0,"6' 4""",205 lbs.,"75""",Orthodox,"Jun 15, 1993",5.70,67%,4.89,28%,0.00,0%,100%,0.0
Daisuke,Sugie,http://ufcstats.com/fighter-details/8215e4fe24e8e81b,Amazon,10,8,1,"5' 6""",160 lbs.,--,Orthodox,--,0.00,0%,0.22,80%,3.27,50%,0%,3.3
Takashi,Sugiura,http://ufcstats.com/fighter-details/06c60fc2c8dcd7bd,,1,3,0,"5' 11""",225 lbs.,--,Southpaw,"May 31, 1970",1.37,40%,2.08,53%,1.33,66%,0%,0.0
Naho,Sugiyuma,http://ufcstats.com/fighter-details/b205d4f2ff44bc89,Sugi Rock,12,5,0,"5' 1""",105 lbs.,--,,"Feb 03, 1978",2.59,48%,2.45,71%,2.05,100%,66%,0.0
,Sulangrangbo,http://ufcstats.com/fighter-details/1dd1a3aacde66f72,,9,3,0,"5' 9""",135 lbs.,"66""",Southpaw,"Jul 17, 2005",0.00,0%,0.00,0%,0.00,0%,0%,0.0
George,Sullivan,http://ufcstats.com/fighter-details/6c7e25571490aa3b,The Silencer,17,7,0 (1 NC),"6' 0""",170 lbs.,"73""",Orthodox,"Mar 13, 1981",3.53,39%,2.42,57%,1.37,20%,38%,0.7
Amar,Suloev,http://ufcstats.com/fighter-details/7aa88401f93ce836,,24,7,0,"5' 9""",183 lbs.,--,Orthodox,"Jul 01, 1976",1.98,37%,2.19,70%,0.27,100%,88%,0.3
Magomed,Sultanakhmedov,http://ufcstats.com/fighter-details/fe1fdc6be470f773,,18,6,0,"6' 2""",185 lbs.,--,Southpaw,--,0.00,0%,2.40,42%,9.00,100%,0%,9.0
Justin,Sumter,http://ufcstats.com/fighter-details/31f9a1f56cbb6ac5,,7,3,0,"6' 2""",185 lbs.,"80""",Southpaw,"Nov 16, 1989",2.68,48%,7.64,34%,2.87,100%,0%,0.0
,Sumudaerji,http://ufcstats.com/fighter-details/3cf18e01cb6cbde3,The Tibetan Eagle,17,7,0,"5' 8""",125 lbs.,"72""",Southpaw,"Jan 20, 1996",4.40,51%,2.63,60%,0.18,25%,67%,0.7
Rama,Supandhi,http://ufcstats.com/fighter-details/6d537248fe7cccf1,Hellboy,8,4,0,"5' 5""",125 lbs.,"66""",Southpaw,"Nov 07, 1991",2.20,42%,3.53,48%,1.00,11%,0%,0.0
Aji,Susilo,http://ufcstats.com/fighter-details/22af3546bd967280,,6,4,0,"5' 10""",155 lbs.,--,,--,0.00,0%,0.00,0%,0.00,0%,0%,0.0
Jason,Suttie,http://ufcstats.com/fighter-details/cc5834a495d1ea08,Nobunaga,0,1,0,"6' 0""",210 lbs.,--,Orthodox,"Aug 07, 1973",2.07,83%,4.97,36%,0.00,0%,0%,0.0
Joel,Sutton,http://ufcstats.com/fighter-details/a6a9ab5a824e8f66,,2,4,1,"5' 11""",205 lbs.,--,Orthodox,--,0.00,0%,0.00,0%,0.00,0%,0%,0.0
Chad,Sutton,http://ufcstats.com/fighter-details/556347e2b0e33979,,2,2,0,"6' 1""",185 lbs.,--,,"Aug 07, 1982",0.00,0%,0.00,0%,0.00,0%,0%,0.0
Danilo,Suzart,http://ufcstats.com/fighter-details/3d99e5aa85d7576a,,9,2,0,"6' 0""",260 lbs.,--,Orthodox,"Dec 04, 1991",4.09,55%,11.73,51%,0.00,0%,0%,0.0
Martin,Svensson,http://ufcstats.com/fighter-details/bcad7223af3c19da,,15,6,0,"6' 1""",155 lbs.,--,,"Apr 25, 1985",2.02,38%,5.91,38%,0.00,0%,0%,0.0
Daniel,Swain,http://ufcstats.com/fighter-details/cc39185f2d7d89e4,,20,10,1,"5' 9""",145 lbs.,"70""",Orthodox,"Jan 30, 1991",0.80,44%,3.20,40%,0.00,0%,0%,6.0
Cub,Swanson,http://ufcstats.com/fighter-details/d247691a6c0e9034,,30,14,0,"5' 8""",145 lbs.,"70""",Orthodox,"Nov 02, 1983",4.79,51%,4.00,59%,1.01,50%,63%,0.4
Mike,Swick,http://ufcstats.com/fighter-details/9fe85152f351e737,Quick,15,6,0,"6' 1""",170 lbs.,"77""",Orthodox,"Jun 19, 1979",2.36,37%,2.29,54%,1.06,50%,61%,0.6
Floyd,Sword,http://ufcstats.com/fighter-details/5330fe7e4c3af81c,,12,3,0,"6' 0""",185 lbs.,--,Orthodox,"Aug 24, 1976",0.78,42%,1.57,40%,0.00,0%,33%,0.0
Oumar,Sy,http://ufcstats.com/fighter-details/46e2011d92463b7e,,11,0,0,"6' 4""",205 lbs.,"83""",Orthodox,"Nov 21, 1995",4.81,59%,1.71,73%,3.21,40%,100%,0.8
Klaudia,Sygula,http://ufcstats.com/fighter-details/9f5e3c20ce40b344,,6,2,0,"5' 8""",135 lbs.,"69""",Orthodox,"Dec 30, 1998",1.89,37%,6.00,36%,0.00,0%,33%,0.0
Bentley,Syler,http://ufcstats.com/fighter-details/abd2109bc4cb0291,Bolivia,5,1,0,"5' 4""",125 lbs.,--,Orthodox,"Dec 22, 1982",1.30,18%,1.73,79%,0.00,0%,75%,0.0
Kevin,Syler,http://ufcstats.com/fighter-details/9094a881a7513de3,El Nino Bala,10,1,0,"5' 9""",155 lbs.,"71""",Switch,"Jul 29, 1993",5.60,69%,4.03,48%,1.00,40%,77%,2.0
Leo,Sylvest,http://ufcstats.com/fighter-details/58a36b4ccf5dc30e,Lethal,10,16,0,"5' 11""",205 lbs.,--,Orthodox,"Sep 03, 1973",0.00,0%,6.58,27%,0.00,0%,0%,0.0
Tony,Sylvester,http://ufcstats.com/fighter-details/87b7df65c30008c4,,11,3,0,"6' 1""",225 lbs.,--,Southpaw,"Jan 27, 1978",0.00,0%,10.12,12%,0.00,0%,0%,0.0
Tim,Sylvia,http://ufcstats.com/fighter-details/2a542ee8a8b83559,The Maine-iac,31,10,0 (1 NC),"6' 8""",265 lbs.,"80""",Orthodox,"Mar 05, 1976",4.23,41%,2.61,61%,0.11,100%,75%,0.1
Kevin,Szaflarski,http://ufcstats.com/fighter-details/d2d05dda5f887f87,,11,2,0,"6' 5""",260 lbs.,"77""",Orthodox,"Dec 30, 1994",1.13,28%,8.07,30%,0.00,0%,0%,0.0
Sebastian,Szalay,http://ufcstats.com/fighter-details/f201f21cf2c79eb2,Seb,9,1,0,"5' 6""",145 lbs.,"66""",Orthodox,"Feb 03, 1994",0.00,0%,0.00,0%,0.00,0%,0%,0.0
Bartosz,Szewczyk,http://ufcstats.com/fighter-details/224050896306f00c,,8,3,1,"6' 4""",205 lbs.,"73""",Orthodox,"Sep 18, 1997",2.70,33%,3.52,47%,0.00,0%,0%,0.0
